DomainValueId	Explanation
1	0-0,2%
2	0,2-0,5%
3	0,5-1,0%
4	1,0-2,0°%
5	2-5%
6	5-10%
7	10-15%
8	15-30%
9	30-60%
10	> 60%
11	
12	
13	
14	
15	
16	
17	
18	
19	
20	
21	
22	
23	
24	
25	
26	
27	
28	
29	
30	
31	
32	
33	
34	
35	
36	
37	
38	
39	
40	
41	
42	
43	
44	
45	
46	
47	
48	
49	
50	
51	
52	
53	Bacia plana e extensa de região desértica, muitas vezes rebaixada pela deflação eólica, onde se forma lago raso em épocas de chuvas, depositando-se camada superficial de lama que endurece no tempo seco.
54	
55	
56	
57	
58	
59	
60	
61	
62	Depressão natural ou artificial no terreno, onde o sal pode ser obtido por evaporação da água salgada. Também pode ser uma depressão natural contendo água ou lama.
63	
64	
65	
66	
67	
68	
69	
70	
71	
72	
73	
74	
75	
76	
77	
78	
79	
80	
81	
82	
83	
84	
85	
86	
87	
88	
89	
90	
91	
92	
93	
94	
95	
96	
97	
98	
99	
100	
101	
102	
103	
104	
105	
106	
107	
108	
109	
110	
111	
112	
113	
114	
115	
116	
117	
118	
119	
120	
121	
122	
123	
124	
125	
126	
127	
128	
129	
130	
131	
132	
133	
134	
135	
136	
137	
138	
139	
140	
141	
142	
143	
144	
145	
146	
147	
148	
149	
150	
151	
152	
153	
154	
155	
156	
157	
158	
159	
160	
161	
162	
163	
164	
165	
166	
167	
168	
169	
170	
171	
172	 A água é removida do solo muito rapidamente.
173	 A água é removida do solo rapidamente.
174	 A água é removida do solo um tanto quanto lentamente, durante certos períodos do ano. Os solos permanecem encharcados por períodos curtos dentro da profundidade de enraizamento.
175	 A água é removida do solo um tanto lentamente, durante certos períodos do ano. Os solos permanecem encharcados por períodos curtos dentro da profundidade de enraizamento.
176	A água é removida lentamente, de modo que os solos permanecem encharcados em profundidade por um período considerável.
177	A água é removida tão lentamente que os solos comumente permanecem encharcados por períodos consideráveis. Os solos geralmente possuem uma lâmina de água rasa.
178	A água é removida tão lentamente que os solos permanecem encharcados em profundidade por longos períodos. Os solos têm uma lâmina de água muito rasa.
179	
180	
181	
182	
183	
184	
185	
186	
187	
188	
189	
190	
191	
192	
193	
194	
195	
196	
197	
198	
199	
200	
201	
202	
203	
204	
205	
206	
207	
208	
209	
210	
211	
212	
213	
214	
215	
216	
217	
218	
219	
220	
221	
222	
223	
224	
225	
226	
227	
228	
229	
230	
231	
232	
233	
234	
235	
236	
237	
238	
239	
240	Laminar: < 1 mm, prismática: < 10 mm, em blocos: < 5 mm, granular: < 1 mm.
241	
242	Laminar: 1-2 mm, prismática: 10-20 mm, em blocos: 5-10 mm, granular: 1-2 mm.
243	Laminar: 2-5 mm, prismática: 20-50 mm, em blocos: 10-20 mm, granular: 2-5 mm.
244	Laminar: 5-10 mm, prismática: 50-100 mm, em blocos: 20-50 mm, granular: 5-10 mm.
245	Laminar: > 10 mm, prismática: > 100 mm, blocos: > 50 mm, granular: > 10 mm.
246	
247	
248	
249	
250	
251	
252	
253	
254	
255	
256	
257	
258	
259	
260	
261	
262	
263	
264	
265	
266	
267	
268	
269	
270	
271	
272	
273	
274	
275	50% ou mais de areia muito fina (e menos de 25% de areia grossa e muito grossa).
276	50% ou mais de areia fina e muito fina (e menos de 25% de areia grossa e muito grossa).
277	25% ou mais de areia muito grossa e grossa, e menos de 50% de areia média e menos de 50% de areia fina e muito fina.
278	Ou 50% ou mais de areia média, ou 25% ou mais de areia média com menos de 25% de areia grossa e muito grossa e menos de 50% de areia fina e muito fina.
279	
280	
281	
282	
283	
284	
285	
286	
287	
288	
289	
290	
291	
292	Gelisols e subordens Gelic e grandes grupos que têm uma temperatura média anual do solo de -4°C a -10°C.
293	"Solos com esse regime de temperatura têm uma temperatura média anual abaixo de 8°C, mas não têm permafrost (Gr. kryos, frio - solos muito frios).
;1. Em solos minerais, a temperatura média do solo no verão (junho, julho e agosto, no hemisfério norte, e dezembro, janeiro e fevereiro, no hemisfério sul), a uma profundidade de 50 cm da superfície do solo, ou até contato dênsico, lítico ou paralítico, aquele que for mais raso, é como se segue:
;a. Se o solo não está saturado com água durante parte do verão e
;  (1) Se não há um horizonte O: abaixo de 15°C ou
;  (2) Se há um horizonte O: abaixo de 8°C ou
;b. Se o solo está saturado com água durante alguma parte do verão e
;  (1) Se não há um horizonte O: abaixo de 13°C ou
;  (2) Se há um horizonte O ou um epipedon hístico: abaixo de 6°C.
;2. Em solos orgânicos, a temperatura média anual do solo é abaixo de 6°C. Solos cryico que têm um regime de umidade áquico comumente são atingidos pela geada. Solos isofrígidos também podem ter um regime de temperatura cryico. Alguns solos com materiais orgânicos na parte superior são exceções."
294	Um solo com um regime de temperatura frígido é mais quente no verão do que um solo com um regime cryico, mas sua temperatura média anual é inferior a 8°C e a diferença entre a temperatura média do solo nos três meses de verão e nos três meses de inverno é superior a 6°C, seja a uma profundidade de 50 cm da superfície do solo, ou a uma profundidade até o contato dênsico, lítico ou paralítico, o que for mais raso.
295	A temperatura média anual do solo é inferior a 8°C. A temperatura média do solo no verão e no inverno diferem por menos de 6°C a uma profundidade de 50 cm ou até o contato dênsico, lítico ou paralítico, o que for mais raso.
296	
297	A temperatura média anual do solo é de 8°C ou superior, mas inferior a 15°C, e a diferença entre a temperatura média do solo no verão e no inverno é superior a 6°C, seja a uma profundidade de 50 cm da superfície do solo ou até o contato dênsico, lítico ou paralítico, o que for mais raso.
298	"A temperatura média anual do solo é de 8°C ou superior, mas inferior a 15°C.
;A temperatura média do solo no verão e no inverno diferem por menos do que 6°C a uma profundidade de 50 cm ou em um contato dênsico, lítico ou paralítico, o que for mais raso."
299	A temperatura média anual do solo é de 15°C ou superior, mas inferior a 22°C, e a diferença entre a temperatura média do solo no verão e no inverno é superior a 6°C, seja a uma profundidade de 50 cm da superfície do solo ou em um contato dênsico, lítico ou paralítico, o que for mais raso.
300	A temperatura média anual do solo é de 15°C ou superior, mas inferior a 22°C. A temperatura média do solo no verão e no inverno diferem por menos de 6°C, a uma profundidade de 50 cm ou em um contato dênsico, lítico ou paralítico, o que for mais raso.
301	A temperatura média anual do solo é de 22°C ou superior, e a diferença entre a temperatura média do solo no verão e no inverno é superior a 6°C, seja a uma profundidade de 50 cm da superfície do solo ou em um contato dênsico, lítico ou paralítico, o que for mais raso.
302	A temperatura média anual do solo é de 22°C ou superior. A temperatura média do solo no verão e no inverno diferem por menos de 6°C, a uma profundidade de 50 cm ou em um contato dênsico, lítico ou paralítico, o que for mais raso.
303	
304	
305	
306	
307	
308	
309	
310	
311	Nenhum elemento ou detalhe essencial está faltando na descrição, amostragem ou análise. A fiabilidade da descrição e dos resultados analíticos permite a caracterização completa dos horizontes do solo até uma profundidade de 125 cm, ou mais, se requerido para classificação, ou até uma camada ou horizonte C ou R, a qual pode ser mais rasa.
312	Descrição de referência do perfil de solo, mas sem amostragem.
313	Nenhum elemento essencial está faltando na descrição, amostragem ou análise. O número de amostras coletadas é suficiente para caracterizar os principais horizontes do solo, mas pode não permitir a definição precisa de todos os suborizontes, especialmente em maior profundidade. A profundidade do perfil é de 80 cm ou mais, ou até uma camada ou horizonte C ou R, a qual pode ser mais rasa. Tradagem e amostragem adicional pode ser requerida para a classificação taxonômica em níveis mais baixos.
314	Descrição de rotina do perfil de solo, mas sem amostragem.
315	
316	
317	
318	
319	Alguns elementos relevantes estão faltando na descrição, um número insuficiente de amostras foi coletada, ou a confiança nos dados analíticos não permite uma completa caracterização do solo. Entretanto, a descrição é útil para objetivos específicos e fornece uma indicação satisfatória da natureza do solo em níveis mais altos da classificação taxonômica.
320	Descrição incompleta do perfil de solo, mas sem amostragem.
321	As tradagens não permitem uma descrição compreensiva do perfil do solo. As tradagens são feitas para observações de rotina do solo e identificação no mapeamento do solo, objetivo para o qual normalmente fornece indicações satisfatórias das características do solo. As amostras do solo podem ser coletadas através das tradagens.
322	Descrição do perfil de solo através de tradagem, mas sem amostragem.
323	Elementos essenciais estão faltando na descrição, impedindo uma caracterização e classificação taxonômica satisfatória do solo.
324	
325	
326	
327	
328	"Vários anos de cultivo agrícola são seguidos por vários anos de gramíneas e leguminosas utilizadas para a produção pecuária (""Ley system cultivation"")."
329	
330	
331	
332	
333	
334	
335	
336	
337	
338	
339	
340	
341	
342	
343	
344	
345	
346	
347	
348	
349	
350	
351	
352	
353	
354	
355	
356	A madeira é extraída de florestas naturais e florestas para fins comerciais.
357	
358	
359	
360	
361	
362	
363	
364	
365	
366	
367	
368	
369	
370	
371	
372	
373	
374	
375	
376	
377	
378	
379	
380	
381	
382	
383	
384	
385	
386	
387	
388	
389	
390	
391	
392	
393	
394	
395	
396	
397	
398	
399	
400	
401	
402	
403	
404	
405	
406	
407	
408	
409	
410	
411	
412	
413	
414	
415	
416	
417	
418	
419	
420	
421	
422	
423	
424	
425	
426	
427	
428	
429	
430	
431	
432	
433	
434	
435	
436	
437	
438	
439	
440	
441	
442	
443	
444	
445	
446	
447	
448	
449	
450	
451	
452	
453	Solos produzidos pelos agricultores nas planícies arenosas da Dinamarca, Alemanha, Bélgica e Países Baixos, através da aplicação de cama de curral feita de turfa ('plaggen') por longo prazo.
454	
455	
456	
457	
458	
459	
460	
461	
462	
463	
464	
465	
466	
467	
468	
469	
470	
471	
472	
473	
474	
475	
476	
477	
478	
479	
480	
481	
482	
483	
484	
485	
486	
487	
488	
489	
490	
491	
492	
493	
494	
495	
496	
497	
498	
499	
500	
501	
502	
503	
504	
505	
506	
507	
508	
509	
510	
511	
512	
513	
514	
515	
516	
517	
518	
519	
520	
521	
522	
523	
524	
525	
526	Alguma evidência de dano aos horizontes superficiais. Funções bióticas originais intactas em grande parte.
527	Clara evidência de remoção de horizontes superficiais. Funções bióticas originais parcialmente destruídas.
528	Horizontes superficiais completamente removidos e horizontes sub-superficiais expostos. Funções bióticas originais destruídas em grande parte.
529	Remoção substancial dos horizontes mais profundos do subsolo ('badlands'). Funções bióticas originais totalmente destruídas.
530	
531	
532	
533	
534	
535	
536	
537	
538	
539	
540	
541	
542	
543	
544	
545	
546	
547	
548	
549	
550	
551	
552	
553	
554	
555	
556	
557	
558	
559	
560	
561	
562	
563	
564	
565	
566	
567	
568	
569	
570	
571	
572	
573	
574	
575	
576	
577	
578	
579	
580	
581	
582	
583	
584	
585	
586	
587	
588	
589	
590	
591	
592	
593	
594	
595	
596	
597	
598	
600	
601	
602	
603	INCONSISTENTE COM TERRENO ONDULADO/MONTANHOSO
604	Gradiente < 10%, intensidade do relevo < 50 m/km, densidade potencial de drenagem de 0-25 píxeis receptores dentro de uma janela de 10 x 10 píxeis.
605	Gradiente < 10%, intensidade do relevo < 50 m/km, densidade potencial de drenagem de 0-25 píxeis receptores dentro de uma janela de 10 x 10 píxeis.
606	Gradiente < 10%, intensidade do relevo < 50 m/km, densidade potencial de drenagem de 0-25 píxeis receptores dentro de uma janela de 10 x 10 píxeis.
607	Gradiente < 10%, intensidade do relevo < 50 m/km, densidade potencial de drenagem de 16-25 píxeis receptores dentro de uma janela de 10 x 10 píxeis.
608	Gradiente < 10%, intensidade do relevo < 50 m/km, densidade potencial de drenagem de 6-15 píxeis receptores dentro de uma janela de 10 x 10 píxeis.
609	Gradiente de 10-30%, intensidade do relevo de 50-300 m/km, densidade potencial de drenagem de 0-15 píxeis receptores dentro de uma janela de 10 x 10 píxeis.
610	Gradiente de 10-30%, intensidade do relevo de 50-100 m/km, densidade potencial de drenagem < 6 píxeis receptores dentro de uma janela de 10 x 10 píxeis.
611	Gradiente de 10-30%, intensidade do relevo de 100-150 m/km, densidade potencial de drenagem de 0-15 píxeis receptores dentro de uma janela de 10 x 10 píxeis.
612	Gradiente de 15-30%, intensidade do relevo de 150-300 m/km, densidade potencial de drenagem de 0-15 píxeis receptores dentro de uma janela de 10 x 10 píxeis.
613	Gradiente de 10-30%, intensidade do relevo de 50-100 m/km, densidade potencial de drenagem de 0-15 píxeis receptores dentro de uma janela de 10 × 10 píxeis.
614	Gradiente de 10-30%, intensidade do relevo de 100-150 m/km, densidade potencial de drenagem de 6-15 píxeis receptores dentro de uma janela de 10 x 10 píxeis.
615	Gradiente > 30%, intensidade do relevo > 150 m/km, densidade potencial de drenagem de 0-15 píxeis receptores dentro de uma janela de 10 × 10 píxeis.
616	Gradiente > 30%, intensidade de relevo de 150-300 m/km, densidade potencial de drenagem < 6 píxeis receptores dentro de uma janela de 10 × 10 píxeis.
617	Gradiente > 30%, intensidade do relevo de 150-300 m/km, densidade potencial de drenagem de 0-15 píxeis receptores dentro de uma janela de 10 x 10 píxeis.
618	Gradiente > 30%, intensidade do relevo > 300 m/km, densidade potencial de drenagem de 0-15 píxeis receptores dentro de uma janela de 10 x 10 píxeis.
619	Gradiente > 30%, intensidade do relevo > 150 m/km, densidade potencial de drenagem de 6-15 píxeis receptores dentro de uma janela de 10 × 10 píxeis.
620	
621	
622	
623	
624	
625	
626	
627	
628	
629	
630	
631	
632	
633	
634	
635	
636	
637	
638	
639	
640	
641	
642	
643	
644	
645	
646	
647	
648	
649	
650	
651	
652	
653	
654	
655	
656	
657	
658	
659	
660	
661	
662	
663	
664	
665	
666	
667	
668	
669	
670	
671	
672	
673	
674	
675	
676	
677	
678	
679	
680	Fragmentos mostram poucos ou nenhum sinal de intemperismo.
681	Intemperismo parcial é indicado pela descoloração e perda da forma cristalina nas partes exteriores dos fragmentos, enquanto os centros mantém-se relativamente inalterados. Além disso, os fragmentos perderam um pouco da sua resistência inicial.
682	Todos os minerais estão intemperizados, inclusive os mais resistentes, fortemente descolorados e alterados em todas as partes dos fragmentos, que tendem a desintegrar-se sob pressão apenas moderada.
683	
684	
685	
686	
687	
688	
689	
690	
691	
692	
693	
694	
695	
696	
697	
698	
699	
700	
701	
702	
703	
704	
705	
706	
707	
708	
709	
710	
711	
712	
713	
714	
715	
716	
717	
718	
719	
720	
721	
722	
723	
724	
725	
726	
727	
728	
729	
730	
731	
732	
733	
734	
735	
736	
737	
738	
739	
740	"Atributos da turfa seca
- Cor: branca a bruno-claro
- Tecidos vegetais visíveis: apenas

Atributos da turfa molhada
- Vai entre os dedos, apertando na mão: ± clara, água
- Remanescente: não lamacento

Fonte: adaptado de Ad-hoc-AG-Boden, 2005 ""."
741	"Atributos da turfa seca
- Cor: bruno-escuro
- Tecidos vegetais visíveis: a maioria

Atributos de turfa molhada
- Vai entre os dedos, apertando na mão: marrom à barrenta, água
- Remanescente: não lamacento

Fonte: adaptado de Ad-hoc-AG-Boden, 2005 "".
"
742	"-""Atributos da turfa seca
- Cor: bruno-escuro ao preto
- Tecidos vegetais visíveis: mais de 2/3

Atributos da turfa molhada
- Vai entre os dedos, apertando na mão: lama, enlameado
- Remanescente: lamacento

Fonte: adaptado de Ad-hoc-AG-Boden, 2005 "".
"
743	"""Atributos da turfa seca
- Cor: bruno-escuro ao preto
- Tecidos vegetais visíveis: 1/3 a 2/3

Atributos da turfa molhada
- Vai entre os dedos, apertando na mão: 1/2 a 2/3, lama
- Remanescente: estrutura da planta mais visível do que antes

Fonte: adaptado de Ad-hoc-AG-Boden, 2005 "".
"
744	
745	"745;""Atributos da turfa seca
- Cor: bruno-escuro ao preto
- Tecidos vegetais visíveis: 1/6 a 1/3

Atributos da turfa molhada
- Vai entre os dedos, apertando na mão: mais ou menos toda, lama
- Remanescente: apenas remanescentes altamente decomponíveis

Fonte: adaptado de Ad-hoc-AG-Boden, 2005 "".
"
746	"""Atributos da turfa seca
- Cor: bruno-escuro ao preto
- Tecidos vegetais visíveis: menos de 1/6

Atributos da turfa molhada
- Vai entre os dedos, apertando na mão: mais ou menos toda, lama
- Remanescente: ausência de remanescente

Fonte: adaptado de Ad-hoc-AG-Boden, 2005 "".
"
747	Acumulação de matéria orgânica normalmente espessa (5-30 cm), que é em grande parte inalterada devido à falta de decompositores. Este tipo de camada de matéria orgânica se desenvolve em solos extremamente pobres em nutrientes e com textura grossa sob vegetação que produz uma camada de serapilheira que é de difícil decomposição. Em geral, é uma sequência de camadas Oi-Oe-Oa sobre um pequeno horizonte A, sendo fácil de separar uma camada da outra, e muito ácido, com uma relação C/N > 29.
748	
749	Mais decomposto do que o húmus em seu estado original (cru), mas caracterizado por uma camada de matéria orgânica sobre o solo mineral com uma transição difusa entre a camada de matéria orgânica e o horizonte A. Na sequência das camadas Oi-Oe-Oa camadas, é difícil de separar uma camada da outra. Essa camada de matéria orgânica se desenvolve em solos sob condições nutricionais moderadamente pobres, geralmente em clima frio e úmido. É geralmente acidificada, com uma relação C/N de 18-29.
750	Caracterizada pela ausência periódica de acumulação de matéria orgânica na superfície devido à rapidez do processo de decomposição e mistura da matéria orgânica e o material do solo mineral por bioturbação. É geralmente ligeiramente ácida a neutra, com uma relação C/N de 10-18.
751	
752	
753	
754	
755	
756	
757	
758	
759	
760	
761	Os mosqueados são evidentes apenas através de exame minucioso. As cores do solo, tanto na matriz como nos mosqueados, possuem matiz, valores e cromas intimamente relacionados.
762	Embora não evidentes, os mosqueados são facilmente vistos. O matiz, o croma e o valor da matriz são facilmente distinguidas daqueles dos mosqueados. Eles podem variar em até 2,5 unidades de matiz ou várias unidades de croma ou valor.
763	Os mosqueados são evidentes e as manchas são uma das feições de destaque do horizonte. Matiz, croma e valor, isoladamente ou em combinação, são separados por pelo menos várias unidades.
764	
765	
766	
767	Ausência de efervescência detectável visível ou audívelmente.
768	Efervescência audível, mas não visível.
769	Efervescência visível.
770	Forte efervescência visível. Bolhas formam uma espuma baixa.
771	Reação extremamente forte. Espuma espessa forma rapidamente.
772	
773	
774	
775	
776	Carbonatos na forma de pseudomicélio não são considerados como 'carbonatos secundários' se eles migram sazonalmente e não têm profundidade permanente.
777	
778	
779	EC = < 1,8 dS m-1 em 10 g solo/25 ml H2O, EC = < 0,18 dS m-1 em 10 g solo/250 ml H2O
780	EC = < 1,8 dS m-1 em 10 g solo/250 ml H2O
781	EC = > 1,8 dS m-1 em 10 g solo/250 ml H2O
782	Quantidades maiores podem ser diferenciadas pela abundância de pseudomicélio/cristais solúveis em H2O e pela cor do solo.
783	
784	
785	
786	
787	
788	Os agregados mal são observáveis in situ e há apenas um arranjo pobre das superfícies naturais de fraqueza. Quando suavemente perturbado, o material do solo esboroa-se em uma mistura de alguns agregados inteiros, muitos agregados quebrados, e muito material sem faces de agregado. As superfícies dos agregados diferem, de alguma forma, do interior dos agregados.
789	Os agregados são observáveis in situ e há um arranjo distinto das superfícies naturais de fraqueza. Quando perturbado, o material do solo esboroa-se numa mistura de muitos agregados inteiros, alguns agregados quebrados, e pouco material sem faces de agregado. As superfícies dos agregados geralmente mostram diferenças marcantes do interior dos agregados.
790	Os agregados são claramente observáveis in situ e há um arranjo proeminente das superfícies naturais de fraqueza. Quando perturbado, o material do solo separa-se principalmente em agregados inteiros. As superfícies dos agregados geralmente diferem marcadamente do interior dos agregados.
791	"""Fracamente resistente à pressão. Facilmente quebrado entre o polegar e o indicador."
792	Moderadamente resistente à pressão. Pode ser quebrado nas mãos. Não se quebra entre o polegar e o indicador.
793	Muito resistente à pressão. Pode ser quebrado nas mãos apenas com dificuldade.
794	Fraco: os agregados mal são observáveis in situ e há apenas um arranjo pobre das superfícies naturais de fraqueza. Quando suavemente perturbado, o material do solo esboroa-se em uma mistura de alguns agregados inteiros, muitos agregados quebrados, e muito material sem faces de agregado. As superfícies dos agregados diferem, de alguma forma, do interior dos agregados. Moderado: os agregados são observáveis in situ e há um arranjo distinto das superfícies naturais de fraqueza. Quando perturbado, o material do solo esboroa-se numa mistura de muitos agregados inteiros, alguns agregados quebrados, e pouco material sem faces de agregado. As superfícies dos agregados geralmente mostram diferenças marcantes do interior dos agregados.
795	Moderado: os agregados são observáveis in situ e há um arranjo distinto das superfícies naturais de fraqueza. Quando perturbado, o material do solo esboroa-se numa mistura de muitos agregados inteiros, alguns agregados quebrados, e pouco material sem faces de agregado. As superfícies dos agregados geralmente mostram diferenças marcantes do interior dos agregados. Forte: os agregados são claramente observáveis in situ e há um arranjo proeminente das superfícies naturais de fraqueza. Quando perturbado, o material do solo separa-se, principalmente, em agregados inteiros. A superfície dos agregados geralmente difere marcadamente do interior dos agregados.
802	
803	
804	
805	
806	
807	
808	
809	
810	
811	
812	
813	
814	
815	
816	
817	
818	
819	
820	
821	
822	
823	
824	
825	Granular/laminar: < 1 mm, Prismática/colunar/ cuneiforme: < 10 mm, Em blocos/em grumos/em aglomerados/em torrões: < 5 mm.
826	Granular/laminar: 1-2 mm, Prismática/colunar/cuneiforme: 10-20 mm, Em blocos/em grumos/em aglomerados/em torrões: 5-10 mm.
827	Granular/laminar: 2-5 mm, Prismática/colunar/cuneiforme: 20-50 mm, Em blocos/em grumos/em aglomerados/em torrões: 10-20 mm.
828	Granular/laminar: 5-10 mm, Prismática/colunar/cuneiforme: 50-100 mm, Em blocos/em grumos/em aglomerados/em torrões: 20-50 mm.
829	Granular/laminar: > 10 mm, Prismática/colunar/cuneiforme: 100-500 mm, Em blocos/em grumos/em aglomerados/em torrões: > 50 mm.
830	Prismática/colunar/cuneiforme: > 500 mm.
831	
832	
833	
834	
835	
836	
837	
838	Não-coerente.
839	A massa do solo é muito fracamente coerente e frágil - desfaz-se em poeira ou grãos individuais sob pressão muito leve.
840	Extremamente resistente à pressão, não pode ser quebrado na mão.
841	
842	
843	
844	Não-coerente.
845	O material do solo esboroa-se com pressão muito leve, mas agrega-se por compressão posterior.
846	O material do solo esboroa-se facilmente sob pressão fraca e moderada entre o polegar e o indicador, agrega-se por compressão posterior.
847	O material do solo esboroa-se sob pressão moderada entre o polegar e o indicador, mas a resistência é claramente perceptível.
848	O material do solo esboroa-se sob forte pressão - mal se desfaz entre o polegar e o indicador.
849	O material do solo esboroa-se apenas sob pressão muito forte - não pode ser esmagado entre o polegar e o indicador.
850	
851	
852	
853	Após cessar a pressão, praticamente nenhum material do solo adere ao polegar e o indicador.
854	Após cessar a pressão, o material do solo adere tanto ao polegar como ao indicador, mas desprende-se de um ou do outro, deixando-o limpo. O material não é apreciavelmente esticado quando os dedos são separados.
855	Após cessar a pressão, o material do solo adere a ambos o polegar e o indicador e tende a esticar-se um pouco e romper-se ao invés de desprender-se de qualquer dos dedos.
856	Após cessar a pressão, o material do solo adere fortemente a ambos os polegar e o indicador e é perceptivelmente esticado quando os dedos são separados.
857	
858	
859	Nenhum fio é moldável.
860	Fio moldável, mas quebra-se imediatamente se dobrado em forma de anel. Massa de solo deformada por força muito pequena.
861	Fio moldável, mas quebra-se se dobrado em forma de anel. Massa de solo deformada por força ligeira a moderada.
862	Fio moldável e pode ser dobrado em forma de anel. Massa de solo deformada por força moderadamente forte a muito forte.
863	
864	
865	Britagem: poeirenta ou dura. Moldagem (em uma bola): não é possível, parece ser quente. Umedecendo: torna-se muito escuro. Esfregando (na mão): não fica mais claro. pF: 5.
866	Britagem: não faz poeira. Moldagem (em uma bola): não é possível, parece ser quente. Umedecendo: fica escuro. Esfregando (na mão): dificilmente fica mais claro. pF: 4.
867	Britagem: não faz poeira. Moldagem (em uma bola): possível (não é areia). Umedecendo: fica um pouco escuro. Esfregando (na mão): fica obviamente mais claro. pF: 3.
868	Britagem: é pegajosa. Moldagem (em uma bola): dedo fica úmido e fresco, levemente brilhante. Umedecimento: nenhuma mudança de cor. Esfregando (na mão): obviamente mais claro. pF: 2.
869	Britagem: água livre. Moldagem (em uma bola): gotas de água. Umedecimento: nenhuma mudança de cor. pF: 1.
870	Britagem: água livre. Moldagem (em uma bola): gotas de água sem aplicação de pressão. Umedecimento: nenhuma mudança de cor. pF: 0.
871	
872	
873	
874	
875	
876	
877	
878	
879	Controlado pela fábrica, ou arranjo, das partículas do solo, também conhecidos como vazios texturais. A subdivisão é possível em vazios de empacotamento simples, que se relacionam com o arranjo das partículas de areia, e vazios de empacotamento composto, que resultam do empacotamento de peds não acomodados. Predominantemente de forma irregular e interconectada, e difícil de quantificar em campo.
880	
881	
882	
883	Vazios descontínuos esféricos ou elípticos (câmaras) de origem sedimentar ou formados por ar comprimido, por exemplo, bolhas de gás em crostas de hidratação após chuvas fortes. Relativamente sem importância em relação ao crescimento das plantas.
884	A camada é cimentada ou compactada em 50-90%, e em geral apresenta uma aparência regular.
885	Principalmente irregular, com vazios equidimensionais de origem faunal ou resultantes do preparo do solo ou perturbação de outros vazios. Descontínuo ou interconectado. Pode ser quantificado em casos específicos.
886	
887	Vazios alongados de origem faunal ou floral, principalmente em forma tubular e contínua, variando fortemente em diâmetro. Quando maior do que alguns centímetros (orifícios de tocas), eles são mais adequadamente descritos como atividade biológica.
888	A maioria dos planos são vazios extra-pédicos, relacionados à acomodação de superfícies pédicas ou aos padrões de fissuramento (rachaduras). Elas são, em geral, não persistente e variam em tamanho, forma e quantidade, dependendo da condição de humidade do solo. Vazios planares podem ser registrados, descrevendo largura e frequência.
889	
890	
891	
892	
893	
894	O número de poros muito finos (< 2 mm) por decímetro quadrado é 0, o número de poros médios e grandes (> 2 mm) por decímetro quadrado é 0.
895	O número de poros muito finos (< 2 mm) por decímetro quadrado é 1-20, o número de poros médios e grandes (> 2 mm) por decímetro quadrado é 1-2.
896	O número de poros muito finos (< 2 mm) por decímetro quadrado é 20-50, o número de poros médios e grandes (> 2 mm) por decímetro quadrado é 2-5.
897	O número de poros muito finos (< 2 mm) por decímetro quadrado é 50-200, o número de poros médios e grandes (> 2 mm) por decímetro quadrado é 5-20.
898	O número de poros muito finos (< 2 mm) por decímetro quadrado é > 200, o número de poros médios e grandes (> 2 mm) por decímetro quadrado é > 20.
899	
900	
901	
902	A superfície do revestimento mostra apenas pequeno contraste na cor, suavidade ou qualquer outra propriedade em relação à superfície adjacente. Grãos de areia fina são facilmente visíveis no cutan. As lamelas tem espessura inferior a 2 mm.
903	A superfície do revestimento é nitidamente mais suave ou de cor diferente em relação à superfície adjacente. Grãos de areia fina estão envolvidos no revestimento mas os seus contornos são ainda visíveis. As lamelas tê 2-5 mm de espessura.
904	A superfície do revestimentos contrasta fortemente em suavidade ou cor com as superfícies adjacentes. Contornos de grãos de areia fina não são visíveis. As lamelas têm mais do que 5 mm de espessura.
905	
906	
907	
908	
909	
910	
911	
912	Revestimentos hipodérmicos, como usado aqui, são feições analisadas a escala de campo, comumente expressas apenas como características hidromórficas. Revestimentos hipodérmicos micromorfológicas incluem características não-redox [Bullock et al., 1985].
913	
914	
915	
916	
917	
918	
919	
920	Slickensides são superfícies pédicas polidas e ranhuradas que são produzidas por agregados deslizando um sobre o outro.
921	
922	
923	
924	
925	
926	
927	
928	
929	
930	
931	
932	
933	
934	
935	
936	
937	A camada é cimentada ou compactada em menos do que 50%, e apresenta uma aparência um tanto irregular.
938	A camada é cimentada ou compactada em mais do que 90%, e só é interrompida em alguns lugares por rachaduras ou fissuras.
939	As partes compactadas ou cimentadas são semelhantes a placas e têm orientação horizontal ou sub-horizontal.
940	A camada tem grandes vazios equidimensionais que podem ser preenchidos com material não cimentado.
941	A camada é, em grande medida, construída a partir de nódulos esféricos cimentados.
942	A camada é, em grande medida, construída a partir de nódulos cimentados ou concreções de forma irregular.
943	
944	
945	
946	
947	
948	
949	
950	
951	
952	
953	
954	
955	
956	Nem cimentação nem compactação observada (desintegra-se em água).
957	A massa compactada é apreciavelmente mais dura ou mais quebradiça do que outra massa de solo comparável (desintegra-se em água).
958	A massa cimentada é quebradiça e dura, mas pode ser quebrada nas mãos.
959	A massa cimentada não pode ser quebrada nas mãos, mas é descontínua (menos de 90% da massa de solo).
960	A massa cimentada não pode ser quebrada nas mãos e é contínua (mais de 90% da massa de solo).
961	A massa cimentado não pode ser quebrada pelo peso corporal (cientista solo padrão de 75 kg) (mais de 90% da massa de solo).
962	
963	Um corpo discreto, com estrutura interna concêntrica, geralmente cimentada.
964	
965	Difere da massa de solo circundante, em cor e composição, mas não é facilmente separado como um corpo discreto.
966	Corpo discreto, sem organização interna.
967	Incluindo micélios de carbonatos ou opala.
968	
969	Corpo discreto impregnado, ainda mostrando a estrutura da rocha.
970	
971	
972	
973	
974	
975	
976	
977	
978	
979	
980	Não pode ser quebrado nos dedos.
981	Pode ser quebrado entre o indicador e a unha do polegar.
982	
983	
984	
985	
986	
987	
988	
989	
990	
991	
992	
993	
994	
995	
996	
997	
998	
999	
1000	
1001	
1002	
1003	
1004	
1005	
1006	
1007	
1008	
1009	
1010	
1011	
1012	
1013	
1014	
1015	
1016	
1017	Raízes com diâmetro < 2 mm: 0, Raízes com diâmetro > 2 mm: 0.
1018	Raízes com diâmetro < 2 mm: 1-20, Raízes com diâmetro > 2 mm: 1-2.
1019	Raízes com diâmetro < 2 mm: 20-50, Raízes com diâmetro > 2 mm: 2-5.
1020	Raízes com diâmetro < 2 mm: 50-200, Raízes com diâmetro > 2 mm: 5-20.
1021	Raízes com diâmetro < 2 mm: > 200, Raízes com diâmetro > 2 mm: > 20.
1022	
1023	
1024	
1025	
1026	
1027	
1028	
1029	
1030	
1031	
1032	
1033	
1034	
1035	
1036	
1037	
1038	
1039	
1040	
1041	
1042	
1043	A estrutura é maciça sem orientação reconhecível.
1044	
1045	
1046	
1047	
1048	
1049	
1050	
1051	
1052	
1053	Nenhum odor detectado.
1054	Presença de gasolina gasosa ou líquida, óleo, creosoto, etc.
1055	Presença de H2S (sulfeto de hidrogênio, 
1056	
1057	
1058	Terras em nível são todas as terras com declives dominantes entre 0 e 8% (0° e 4°40'). Além disso, a intensidade do relevo é tal que a diferença entre o ponto mais alto e o ponto mais baixo, dentro de uma unidade de terreno, é quase sempre inferior a 50 m. Geoforma de primeiro nível.
1059	Planícies são todas as terras em nível que não estão situadas entre terras elevadas, que não se projetam acima das terras vizinhas, ou que não se elevam suavemente contra terrenos com declive considerável íngreme. Geoforma de segundo nível.
1060	Planaltos são terras em nível que são, em comparação com as terras circundantes, situadas em posições relativamente elevadas. O planalto pode ser muito extenso, mas deve ser sempre, em pelo menos um dos lados, delimitado por uma rampa ou escarpa (8% ou mais), ligando-o com terras situadas em posição inferior. Muitos dos chamados planaltos são, de fato, planícies elevadas, e devem ser classificados como tal. Geoforma de segundo nível.
1061	Uma grande extensão de terra plana, cercada por todos os lados por terras altas e inclinadas ou íngremes, é caracterizada como uma grande depressão. Uvalas são típicas para este grupo. Geoforma de segundo nível.
1062	Uma depressão é uma área de terra plana que está cercada em todos os lados por terras mais elevadas ou inclinadas. A área ocupada pela faixa de terras inclinadas, que forma a transição entre as terras mais elevadas para o assoalho da depressão é pequena em comparação com a área dentro da depressão ocupada por terras em nível. Geoforma de segundo nível.
1063	"Terras planas com constante aumento da elevação, contíguas a terras fortemente inclinadas ou íngremes, são classificadas como áreas de terço inferior de baixo nível. Elas se fundem em outros tipos de terras planas, incluindo áreas de terço inferior com pequeno gradiente, que se elevam em direção oposta. Pedimentos, leques aluviais (coalescentes) e outras formas de relevo semelhantes podem ser consideradas áreas de terço inferior de baixo nível. Terços inferiores com um gradiente maior que 8% são classificados como encostas ou ladeiras (""hills""), uma vez que tais declives são geralmente incisivos à medida que adquirem um carácter acidentado ou montanhoso. Geoforma de segundo nível."
1064	Faixas alongadas de terras planas, flanqueadas em ambos os lados por áreas com terras inclinadas ou íngremes, constituem fundos (assoalho) de vale. Fundos de vale normalmente são fechados em uma extremidade, onde são abraçados por terras mais íngreme nos três lados. Eles podem conectar-se com outros tipos de terras em nível ou terrenos ondulados na outra extremidade. Em áreas montanhosas, os fundos de vale podem ser cercado por todos os lados por terras íngremes, e não necessariamente têm que ser alongados. Geoforma de segundo nível.
1065	
1066	
1067	Terrenos ondulados incluem todas as formas de relevo que têm inclinações dominantes entre 8% e 30%, combinado com, na maior parte dos casos, uma intensidade do relevo de mais de 50 m por unidade de relevo. Em geral, as terras onduladas são mais heterogêneas em relação à sua inclinação do que as terras planas (em nível). Geoforma de primeiro nível.
1068	Montanhas relativamente suave-onduladas (15-30% de declividade), com uma intensidade de relevo local de mais de 600 m. Muitos vulcões se enquadram nessa categoria, assim como diversas zonas de sopé de diversos dos grandes sistemas montanhosos. Geoforma de segundo nível.
1069	Todos terrenos inclinados com um relevo ondulado (intensidade mínima do relevo de 50 m por unidade de terreno), não alongados, ou com mais de 600 m de altura, ou incorporados em terreno montanhoso, são considerados morros de médio gradiente. Este grupo não inclui apenas a formas de relevo acidentado ou movimentado, mas também abrange outras geoformas como as áreas de terços inferiores com médio gradiente, etc. Geoforma de segundo nível.
1070	Terreno relativamente suave-ondulado (geralmente 15-30% de declividade), que constitui a zona de transição entre o alto e o baixo país. A intensidade do relevo local desta geoforma é normalmente inferior a 600 m/2 km. Geoforma de segundo nível.
1071	Um cume/crista cumpre todas as qualificações de um morro de médio gradiente, mas tem uma forma alongada com uma única crista, podendo ter uma altura mais ou menos constante, ou uma série de picos. Planaltos relativamente estreitos estão excluídos neste grupo de geoforma. Geoforma de segundo nível.
1072	Terra que, embora fazendo parte de uma cadeia de montanhas (terrenos com mais de 30% de declividade e intensidade do relevo de mais de 600 m por 2 km), constituem uma zona restrita com declives menos acentuados e relevo moderado. Planaltos montanhosos sempre fazem parte de um sistema de montanhas, e são, portanto, em pelo menos um dos lados, delimitados por montanhas de alto gradiente. A subdivisão hipsométrica desta categoria é feita de acordo com os qualificadores para terras íngremes. Geoforma de segundo nível.
1073	Terra inclinada com um nível de crista mais ou menos constante, e intensidades de relevo de menos de 50 m por unidade de terreno. Geoforma de segundo nível.
1074	Um terreno íngreme é essencialmente limitado à uma região montanhosa, onde a declividade média é de mais de 30% (a variabilidade dos gradientes pode ser tamanha a ponto de tornar difícil de reconhecer uma declividade dominante) e a intensidade do relevo é superior a 600 m/2 km. Geoforma de primeiro nível.
1075	Todo terreno íngreme com uma intensidade do relevo de mais de 600 m/2 km, e contornando um ou mais picos proeminentes. Geoforma de segundo nível.
1076	"Terra íngreme, mas com baixo relevo (intensidade do relevo de menos de 600 m por 2 km). ""Badlands"" seria um tipo de geoforma englobado neste grupo, que é hipsometricamente subdivididos de acordo com os qualificadores para terrenos ondulados. Geoforma de segundo nível."
1077	Terreno íngreme que faz a transição entre o alto e o baixo país, e não tem picos proeminentes. A intensidade do relevo é normalmente superior a 600 m por 2 km. Geoforma de segundo nível.
1078	Vales muito íngremes, normalmente com muito pouco assoalho. Nenhum limite de altura é dado, uma vez que a falta de assoalho no vale e a presença de encostas íngremes garante que apenas os vales profundos cobrirão uma área suficiente para produzir delineações mapeáveis. Principalmente planalto sedimentar elevado entalhado. Geoforma de segundo nível.
1079	Geoformas contendo tanto terras em nível como terras íngremes ou onduladas, as quais não podem ser separadas na escala do mapeamento, são considerados geoforma compostas. Geoformas compostas estão usando qualificadores hipsométricos de acordo com as características de sua parte em nível. Geoforma de primeiro nível.
1080	O vale, composto de terrenos laterais e um assoalho, é tomado como uma geoforma. Geoforma de segundo nível.
1081	Uma estreita faixa de terra em nível cercada por todos os lados por terras onduladas ou íngremes descendentes formam um planalto estreito. Geoforma de segundo nível.
1082	
1083	
1084	
1085	
1086	
1087	
1088	
1089	
1090	
1091	
1092	
1093	
1094	
1095	
1096	
1097	
1098	
1099	
1100	
1101	
1102	
1103	
1104	
1105	
1106	
1107	
1108	
1109	
1110	
1111	
1112	
1113	
1114	
1115	
1116	
1117	
1118	
1119	
1120	
1121	
1122	
1123	
1124	
1125	
1126	
1127	
1128	
1129	
1130	
1131	
1132	
1133	
1134	
1135	
1136	
1137	
1138	
1139	
1140	
1141	
1142	
1143	
1144	
1145	
1146	
1147	
1148	
1149	
1150	
1151	
1152	
1153	
1154	
1155	
1156	
1157	
1158	
1159	
1160	
1161	
1162	
1163	
1164	
1165	
1166	
1167	
1168	
1169	
1170	
1171	
1172	
1173	
1174	
1175	
1176	
1177	
1178	
1179	
1180	
1181	
1182	
1183	
1184	Padrão muito complexo de declives que se estendem a partir de depressões um pouco arredondados ou 'kettleholes' de vários tamanhos à pequenos montes de terra ('knolls') ou colinas ('knobs') cônicas irregulares. Há uma falta geral de concordância entre os pequenos montes de terra ou depressões. A variação dos declives é grande, geralmente entre 4% e 70%.
1185	Cobertura (pelo menos 5%) por montes isolados com mais de 2,5 m de altura.
1186	Cobertura (pelo menos 5%) por torres isoladas de karst, com paredes íngremes e mais de 2,5 m de altura.
1187	Cobertura (pelo menos 5%) por cristas paralelas, sub-paralelas ou intersectando-se, normalmente agudas (elevações estreitas alongadas), com mais de 2,5 m de altura.
1188	Áreas em nível (menos de 2% de declive) delimitadas, de um lado, por um declive íngreme com mais de 2,5 m de altura que possui outra superfície plana acima dele.
1189	Cobertura (pelo menos 5%) por ravinas/voçorocas com paredes íngremes com mais de 2,5 m de profundidade.
1190	Áreas com densidade de drenagem superior a 25 km km-2, onde a profundidade dos canais de drenagem é de, pelo menos, 2,5 m.
1191	Áreas com densidade de drenagem superior a 10 km km-2, onde a profundidade dos canais de drenagem é de, pelo menos, 2,5 m.
1192	Áreas com densidade de drenagem inferior a 10 km km-2, onde a profundidade dos canais de drenagem dissecados é de, pelo menos, 2,5 m.
1193	
1194	
1195	
1196	
1197	
1198	Poças de água na superfície, e grande parte do terreno fica encharcado por períodos contínuos de mais de 30 dias.
1199	
1200	A água escoa lentamente, mas a maior parte do terreno não permanece alagado por mais de 30 dias de forma contínua.
1201	A água escoa bem, mas não excessivamente, e em nenhum lugar do terreno permanece inundado por um período contínuo de mais de 48 horas.
1202	O excesso de água escoa rapidamente, mesmo durante períodos de chuvas prolongados.
1203	O excesso de água escoa muito rapidamente, o terreno não suporta o crescimento de plantas com raízes pequenas mesmo se houver chuva suficiente.
1204	Interflúvio, crista ou parte superior do componente de terreno.
1205	Terço superior e médio ou qualquer outra posição mediana dentro do componente de terreno.
1206	Terço inferior ou parte inferior do componente de terreno.
1207	Depressão, fundo do vale ou qualquer outra parte mais baixa do componente de terreno.
1208	Todas as posições dentro do componente de terreno.
1209	Sem crosta ou selamento superficial observado.
1210	A superfície do solo tem uma sensibilidade leve ao encrostamento. Crosta macia ou ligeiramente dura com menos de 0,5 cm de espessura.
1211	O solo tem uma sensibilidade moderada ao encrostamento. Crosta macia ou ligeiramente dura com mais de 0,5 cm de espessura, ou crosta dura com menos de 0,5 cm de espessura.
1212	A superfície de solo tem uma forte sensibilidade ao encrostamento. Crosta dura com mais de 0,5 cm de espessura.
1213	
1214	
1215	
1216	
1217	
1218	
1219	
1220	Material orgânico do solo fracamente decomposto (conteúdo de fibras > 2/3 do volume).
1221	Grau de decomposição intermediário entre fíbrico e sáprico (conteúdo de fibras entre 1/6 e 2/3 do volume).
1222	Material orgânico do solo altamente decomposto (conteúdo de fibras < 1/6 do volume).
1223	Um horizonte com espessura entre 20 e 40 cm. Ele pode espessura entre 40 e 60 cm se for constituído por 75% ou mais, em volume, de fibras de esfagno ou possui uma densidade, quando úmido, inferior a 0,1 kg dm-3. Uma camada superficial com espessura inferior a 25 cm qualifica-se como um horizonte hístico, depois de o material do solo ter sido misturado até uma profundidade de 25 cm, se possui 16% ou mais de carbono orgânico e a fração mineral contém mais de 60% de argila, ou 8% ou mais de carbono orgânico para conteúdos intermediários de argila.
1224	"Horizonte A com as seguintes propriedades para os 18 cm superiores: 
1) a estrutura do solo é suficientemente forte que o horizonte não seja ambos maciço e duro ou muito duro quando seco. Prismas muito grandes, maiores que 30 cm de diâmetro, estão incluídos no conceito do maciço, desde que não haja nenhuma estrutura secundária no interior dos prismas
2) o croma é inferior a 3,5 quando úmido, o valor é mais escuro do que 3,5 quando úmido, e 5,5 quando seco o valor da cor é, pelo menos, uma unidade mais escuro do que aquele do C (tanto úmido como seco). Se um horizonte C não estiver presente, deve ser feita comparação com o horizonte imediatamente subjacente ao horizonte A. Se houver mais de 40% de cal finamente dividido, os limites do valor da cor a seco são dispensados
3) a saturação por bases (por NH4OAc) é de 50% ou mais
4) o teor de carbono orgânico é de, pelo menos, 0,6% em toda a espessura do solo misturado, tal como especificado abaixo. Ele é, pelo menos, petrocálcico ou um horizonte petrogípsico ou uma fase petroférrica""."
1225	Uma camada superficial construída pelo homem, com espessura de 50 cm ou mais, a qual foi produzida pela adubação continuada de longo prazo com misturas terrosas. Se um horizonte fímico satisfaz os requisitos do horizonte mólico ou úmbrico, distingue-se deles por um conteúdo de P2O5 extraível em ácido superior a 250 mg kg-1 de solo por 1% de ácido cítrico. Exemplos disso são o epipedon plaggen e o epipedon antrópico do Soil Taxonomy.
1226	Comparável ao mólico em cor, conteúdo de carbono orgânico e de fósforo, consistência, estrutura e espessura. Entretanto, a saturação de base é inferior a 50%.
1227	O horizonte é muito claro na cor, tem um croma muito alto, muito pouco carbono orgânico, ou é demasiado delgado para ser um mólico ou úmbrico, ou é ambos duro e maciço quando seco. Materiais finamente estratificados não qualificam como um horizonte ócrico, como por exemplo, camadas superficiais de depósitos aluviais recentes.
1228	Um horizonte subsuperficial que tem um conteúdo de argila distintamente maior do que o horizonte sobrejacente. Esta diferença pode ser devida à acumulação iluvial de argila, ou à destruição de argila na camada superficial, ou à erosão seletiva da argila na superfície, ou à atividade biológica ou à combinação de dois ou mais destes processos diferentes. A sedimentação de materiais superficiais, que são mais grosseiro do que o horizonte subsuperficial, pode aumentar a diferenciação textural pedogenética. Entretanto, uma mera descontinuidade litológica, como pode ocorrer em depósitos aluviais, não qualifica como um horizonte árgico. Quando um horizonte árgico é formado por iluviação da argila, filmes de argila podem ocorrer na superfícies dos peds, em fissuras, em poros, e nos canais. A textura deve ser franco-arenosa ou mais fina, com pelo menos 8% de argila.
1229	"Um horizonte árgico com: 1) uma estrutura colunar ou prismática em alguma parte do horizonte, ou uma estrutura em blocos com línguas de um horizonte eluvial em que há grãos de silte ou areia não revestidos estendendo-se por mais de 2,5 cm dentro do horizonte, e  2) um conteúdo de sódio trocável de mais de 15% dentro dos 40 cm superiores do horizonte  ou mais magnésio trocável e sódio somados do que cálcio e acidez trocável somados dentro dos 40 cm superiores do horizonte, se a saturação com sódio trocável é maior do que 15% em algum sub-horizonte dentro de 200 cm da superfície.
"
1230	Um horizonte alterado em que faltam propriedades que atendam aos requisitos de um horizonte árgico, nátrico ou espódico. Faltam as cores escuras, o teor de matéria orgânica e a estrutura do horizonte hístico, ou dos horizontes mólico e úmbrico. A textura é franco-arenosa ou mais fina, com pelo menos 8% de argila. A espessura é de, pelo menos, 15 cm, com a menor profundidade a, pelo menos, 25 cm abaixo da superfície. A estrutura do solo é, pelo menos, moderadamente desenvolvida ou a estrutura da rocha está ausente em, pelo menos, metade do volume do horizonte. A CTC é maior do que 160 mmolc kg-1 de argila, ou o conteúdo de minerais intemperizáveis ​​na fração de 0,050-0,200 mm é de 10% ou mais. O horizonte apresenta alteração em a) matiz mais forte, croma mais vermelho, ou conteúdo de argila maior do que no horizonte subjacente, ou b) evidência de remoção de carbonatos, ou c) se carbonatos estão ausentes no material de origem e no pó que cai sobre o solo, as evidências de alteração necessárias são satisfeitas pela presença da estrutura do solo e ausência da estrutura da rocha em mais de 50% do horizonte. Não mostra qualquer cimentação, endurecimento ou consistência quebradiça quando úmido
1231	Um horizonte espódico atende a um dos seguintes requisitos abaixo de uma profundidade de 12,5 cm: 1) um sub-horizonte com espessura superior a 2,5 cm e que é continuamente cimentado por uma combinação de matéria orgânica com ferro e/ou alumínio. 2) uma textura areia ou franco-arenosa, com grãos escuros distintos de tamanho de silte grande ou maior, ou com grãos de areia cobertos com revestimentos rachados que consistem em matéria orgânica e alumínio com ou sem ferro. 3) um ou mais sub-horizontes em que a) se há 0,1% ou mais de ferro extraível, a razão dos conteúdos somados de ferro e Al extraível por pirofosfato a pH 10 para o conteúdo de argila (%) é 0,2 ou mais, ou se há menos de 0,1% de ferro extraível, a razão do conteúdos somados de Al e carbono orgânico para a argila (%) é de 0,2 ou mais, e b) a soma do Fe+Al extraível pelo pirofosfato é igual a metade ou mais da soma do Fe+Al extraível pelo ditionito-citrato, e c) a espessura é tal que o índice de acumulação de material amorfo nos sub-horizontes que satisfazem os requisitos anteriores é de 65 ou mais. Este índice é calculado subtraindo-se a metade da argila (%) da CTC a pH 8,2 mmolc kg-1 de argila e multiplicando-se o restante pela espessura do sub-horizonte em cm. Os resultados de todos os sub-horizontes são então somados.
1232	O horizonte ferrálico tem textura franco-arenosa ou mais fina, com pelo menos 8% de argila. Tem espessura de, pelo menos, 30 cm. Tem CTC igual ou inferior a 160 mmolc kg-1 de argila ou tem uma CTC efetiva igual ou inferior a 120 mmolc kg-1 argila (soma das bases trocáveis em NH4OAc, ​​mais a acidez trocável em KCl 1M). Tem menos de 10% de minerais intemperizáveis ​​na fração de 0,050-0,200 mm. Tem menos de 10% de argila dispersível em água. Tem relação silte-argila de 0,2 ou menos. Não tem propriedades ândicas. Tem menos de 5%, em volume, de estrutura da rocha
1233	Material de solo que tem 30% ou mais de argila, tem uma estrutura em blocos angulares moderadamente forte que separa-se facilmente em elementos com bordas planas ('poliédrica' ​​ou 'nutty') que possuem faces pédicas brilhantes que são finos revestimentos de argila ou faces de pressão. Esta estrutura do solo aparentemente está associada com a presença de quantidades significativas de óxidos de ferro ativo e é indicativo de um eficaz armazenamento elevado de água e propriedades favoráveis de sorção-dessorção de fosfato.
1234	Um horizonte de acumulação de carbonato de cálcio. O horizonte é enriquecido com carbonato de cálcio secundário em uma espessura de 15 cm ou mais, tem um teor de carbonato de cálcio de 15% ou mais e, pelo menos, 5% maior do que aquele de um horizonte mais profundo. O último requisito é expresso em volume se os carbonatos secundários no horizonte cálcico ocorrem como pingentes em seixos, ou como concreções ou formas macias farináceas. Se tal horizonte cálcico repousa sobre materiais muito calcários (40% ou mais de carbonato de cálcio equivalente), a percentagem de carbonatos não precisam diminuir com a profundidade.
1235	Um horizonte cálcico contínuo cimentado ou endurecido, cimentado por carbonato de cálcio e em alguns lugares por cálcio e algum carbonato de magnésio. Sílica acessória pode estar presente. O horizonte petrocálcico é continuamente cimentado à medida que fragmentos secos não se desfazem em água e as raízes não podem penetrar. É maciço ou laminar, extremamente duro quando seco, de modo que não pode ser penetrado por pá ou trado, e muito firme a extremamente firme quando úmido. Poros não-capilares estão preenchidos. A condutividade hidráulica é moderadamente lenta a muito lenta. Em geral, é mais espesso do que 10 cm.
1236	O horizonte gípsico é enriquecido com sulfato de cálcio secundário (CaSO4.2H2O), tem espessura igual ou superior a 10 cm, tem pelo menos 5% a mais de gesso do que o horizonte subjacente, e o produto da espessura (cm) e do conteúdo de gesso (%) é igual a 150 ou mais.
1237	Um horizonte gípsico que é tão cimentado com gesso que os fragmentos não se desfazem em água e as raízes não podem penetrar. O conteúdo de gesso é, em geral, superior a 60%.
1238	O horizonte sulfúrico forma-se como resultado da drenagem artificial e oxidação de materiais minerais ou orgânicos ricos em sulfuretos. Possui espessura de, pelo menos, 15 cm, caracteriza-se por pH em água inferior a 3,5 e geralmente tem mosqueados de jarosita com matiz de 2,5Y ou mais, e um croma de 6 ou mais.
1239	Argila e os óxidos de ferro livres foram removidos, ou os óxidos foram segregados, uma vez que a cor do horizonte é determinada pela cor das partículas primárias de areia e silte ao invés dos revestimentos destas partículas. Um horizonte álbico tem um valor da cor de 4 ou mais quando úmido, ou um valor da cor de 5 ou mais quando seco, ou ambos. Se o valor é 7 ou mais quando seco, ou o valor é 6 ou mais quando úmido, o croma é 3 ou menos. Se o valor é 5 ou 6 quando seco, ou o valor é 4 ou 5 quando úmido, o croma está mais perto do 2 do que do 3. Se os materiais parentais têm um croma de 5YR ou mais vermelho, um croma de 3 quando úmido é permitido no horizonte álbico, onde o croma é devido à cor dos grãos não revestidos de areia e silte.
1240	Um aumento de argila entre duas camadas, o qual ocorre ao longo de uma distância de menos de 5 cm, onde a camada inferior tem um conteúdo em argila de duas vezes o conteúdo de argila da camada sobrejacente, desde que a última tenha menos de 20% de argila. Caso a camada sobrejacente tenha 20% ou mais de argila, o aumento deve ser de 20% ou mais.
1241	Material de solo com um teor de carbono orgânico superior a 14 g/kg de terra fina como uma média ponderada ao longo de uma profundidade de 100 cm a partir da superfície. Este cálculo assume uma densidade do solo de 1,5 kg dm-3.
1243	
1244	Materiais do solo que satisfaçam um ou mais dos seguintes requisitos: 1) a soma do Al extraível em oxalato ácido e de 1/2 do Fe extraível em oxalato de ácido é igual a 2,0%, ou mais, da fração terra fina. A densidade fração terra fina, medida no estado úmido de campo, é de 0,9 kg dm-3 ou menos. A retenção de fosfato é maior do que 85%. 2) mais de 60% de todo o solo, em volume, são materiais vulcanoclásticos maiores do que 2 mm. A soma do Al extraível em oxalato ácido e de 1/2 do Fe extraível em oxalato de ácido é igual a 0,40%, ou mais, da fração terra fina. 3) a fração de 0,02-2,0 mm é, pelo menos, 30% da fração terra fina e atende a um dos seguintes requisitos: a) se a fração terra fina tem uma soma do Al extraível em oxalato ácido e de 1/2 do Fe extraível em oxalato ácido igual a 0,40%, ou menos, existe, pelo menos, 30% de vidros vulcânicos na fração 0,02-2,0 mm, ou b) se a fração terra fina tem uma soma do Al extraível em oxalato ácido e de 1/2 do Fe extraível em oxalato ácido igual a 2,0%, ou mais, existe, pelo menos, 5% de vidros vulcânicos na fração de 0,02-2,0 mm, ou c) se a fração terra fina tem uma soma do Al extraível em oxalato ácido e de 1/2 do Fe extraível em oxalato ácido entre 0,40 e 2,0%, existe um conteúdo proporcional de vidros vulcânicos na fração 0,02-2,0 mm entre 30 e 5%.
1245	Material do solo que mostra forte efervescência com HCl a 10%, ou que contém mais do que 2% de carbonato de cálcio equivalente.
1246	Solos que são calcários ao longo de toda a profundidade entre 20 e 50 cm.
1247	O material subjacente é suficientemente coerente e duro quando úmido para tornar a escavação manual com uma pá impraticável. O material é contínuo, exceto por algumas fissuras produzidas in situ, sem haver deslocamento significativo das partes e horizontalmente distantes a uma média de 10 cm ou mais. O material aqui considerado não inclui horizontes sub-superficiais como um duripã, um petrocálcico ou um horizonte petrogípsico ou uma fase petroférrica.
1248	O termo 'propriedades ferrálicas' é utilizado em conexão com Cambisols e Arenosols que têm uma CTC inferior a 240 mmolc kg-1 de argila, ou inferior a 40 mmolc kg-1 solo em pelo menos um sub-horizonte do horizonte câmbico ou no horizonte imediatamente subjacente ao horizonte A.
1249	Muitos mosqueados grandes com matizes mais vermelhos do que 7,5YR ou cromas superiores a 5 ou ambos. Nódulos discretos, com até 2 cm de diâmetro, os exteriores dos nódulos sendo enriquecidos e fracamente cimentados ou endurecidos com Fe, e com matizes mais vermelhos ou cromas mais fortes do que os interiores (Luvisols, Alisols, Lixisols e Acrisols).
1250	Sedimentos fluviais, marinhos e lacustres, que recebem materiais frescos em intervalos regulares, e que, a menos que empolderados, têm uma ou ambas das seguintes propriedades: 1) conteúdo de carbono orgânico que diminui com a profundidade de forma irregular ou que se mantém acima de 0,20% até uma profundidade de 125 cm. Camadas delgadas de areia podem ter menos carbono orgânico se os sedimentos mais finos localizados abaixo, exclusos os horizontes enterrados, satisfazem a exigência, 2) estratificação em pelo menos 25% do solo dentro de 125 cm da superfície.
1251	Os materiais do solo que tem: 1) soma do conteúdo de bases trocáveis ​​(Ca, Mg, K, Na) e da acidez trocável em KCl 1M não tamponado igual ou inferior a 1,5 cmolc kg-1 de argila, ou 2) um delta pH (pH em KCl menos pH em H2O) de 0,1 ou mais.
1252	Materiais do solo que estão saturados com água em algum período do ano, ou durante todo o ano, na maioria dos anos, e que mostram evidências de processos de redução ou de redução e segregação de ferro.
1253	Material do solo que contém 5% ou mais de gesso.
1254	"Penetrações de um horizonte álbico em um horizonte árgico ou nátrico subjacente ao longo das faces dos peds, principalmente as faces verticais. As penetrações não são largas o suficiente para constituir línguas (""tonguing""), mas formam ""skeletans"" contínuos (revestimento de peds com silte ou areia limpos, com mais de 1 mm de espessura nas faces verticais dos peds)."
1255	Materiais orgânicos do solo são: 1) saturados com água por longos períodos ou são artificialmente drenados e, excluindo raízes vivas, a) têm 18% ou mais de carbono orgânico se a fração mineral é constituída por 60% ou mais de argila, b) têm 12% ou mais de carbono orgânico se a fração mineral não tem qualquer argila, ou c) têm um conteúdo de carbono orgânico proporcional entre 12 e 18% se o teor de argila da fração mineral é menor do que 60%,  ou 2) nunca estão saturados com água por mais do que alguns dias e têm 20% ou mais de carbono orgânico.
1256	Permafrost é uma camada em que a temperatura é permanentemente igual ou inferior 0°C.
1257	"A plintita é uma rica em ferro, uma mistura de argila com quartzo e outros diluentes, pobre em húmus. Ocorrer comumente como mosqueados vermelhos, geralmente em padrões laminares, poligonais ou reticulados, e converte-se de forma irreversível em um ""hardpan"" ou em agregados irregulares devido à exposição repetida ao umedecimento e secagem. Em um solo úmido, a plintita é geralmente firme, mas pode ser cortada com uma pá. Quando irreversivelmente endurecido, o material não é mais considerado plintita. Tal material endurecido é mostrado como uma fase petroférrica ou esquelética."
1258	A condutividade elétrica do extrato de saturação é maior do que 15 dS m-1 dentro de 30 cm da superfície, ou maior do que 4 dS m-1 dentro de 30 cm da superfície se o pH em água H2O é superior a 8,5.
1259	Slickensides são superfícies pédicas polidas e ranhuradas que são produzidas por agregados deslizando um sobre o outro. Alguns deles ocorrem na base de uma superfície de deslizamento, onde uma massa de solo move-se ladeira abaixo em um declive relativamente acentuado. Slickensides são muito comuns em argilas expansivas em que há mudanças sazonais marcantes no conteúdo de umidade.
1260	Material tixotrópico do solo. Sob pressão ou por fricção, muda do estado sólido plástico para um estado liquefeito, voltando para o estado sólido. No estado liquefeito, o material desliza e besunta entre os dedos (Andosols).
1261	O conteúdo de sódio trocável é de 15% ou mais, ou o conteúdo de sódio mais o conteúdo de magnésio trocáveis é de 50% ou mais.
1262	Cal autigênico translocado, macio o suficiente para ser cortado facilmente com a unha do dedo, precipitado in situ a partir da solução do solo ao invés de herdado do material parental do solo. Deve estar presente numa acumulação significativa (revestimentos em poros ou faces estruturais).
1263	
1264	
1265	Materiais sulfídricos são materiais minerais ou orgânicos do solo encharcados, que contém 0,75% ou mais de enxofre (em massa seca), principalmente na forma de sulfuretos, tendo menos do que três vezes mais cálcio de cálcio equivalente do que enxofre, e com um pH acima de 3,5. Materiais sulfídricos acumulam em solo que é permanentemente saturado e tem um pH acima de 3,5, geralmente com água salobra. Se o solo é drenado, os sulfuretos oxidam e formam o ácido sulfúrico. O pH, que é normalmente próximo da neutralidade antes da drenagem, cair abaixo de 3,5. Neste ponto, estes materiais se tornam um horizonte sulfúrico. O material sulfídrico difere do horizonte sulfúrico na sua condição reduzida, no seu pH e pela ausência de mosqueados de jarosite com um matiz de 2,5Y ou mais, ou um croma de 6 ou mais.
1266	Um horizonte álbico penetra num horizonte árgico ao longo de superfícies pédicas, se os peds estão presentes. As línguas deve ser mais profundas do que largas, têm dimensões horizontais de 5 mm ou mais em horizontes árgicos de textura fina (argila, argilossiltosa e argilo-arenosa), 10 mm ou mais em horizontes árgicos de textura moderadamente fina, e 15 mm ou mais em horizontes árgicos de textura média ou grossa (franco-siltosa, franca e franco-arenosa), e deve ocupar mais do que 15% da massa da parte superior do horizonte árgico.
1267	Em conexão com solos argilosos que, em algum período, na maioria dos anos, mostram uma ou mais das seguintes características: fendas, slickensides, agregados estruturais cuneiformes ou paralelepipédicas, que não se encontram em combinação, ou que não são suficientemente expressos para que o solo qualifique como um Vertisols.
1268	Os minerais incluídos são aqueles que são instáveis ​​em meio úmido em relação a outros minerais, tais como quartzo e argilas 1:1, e que, quando o intemperismo ocorre, liberam nutrientes para as plantas e ferro ou alumínio. Eles incluem: 1) os minerais de argila: todos as argilas 2:1, exceto as cloritas com alumínio na entre-camada. Sepiolita, talco e glauconita também estão incluídos no conceito deste grupo de minerais de argila intemperizáveis, apesar de não serem sempre de tamanho argila. 2) minerais de tamanho de silte e areia: feldspatos, feldspatóides, minerais ferromagnesianos, vidros, micas, e zeólitos.
1269	Nenhuma agregação observável ou ausência de qualquer arranjo ordenado dos planos naturais de fraqueza (maciça ou grão simples).
1270	Solo com peds indistintos mal formados, que mal são observáveis in situ, mesmo em solo seco, o qual se esboroa em poucos peds intactos, muitos peds quebrados e muito material apedal.
1271	Solo com peds bem formados e distintos, resistentes ​​e evidentes em solo perturbado, o qual produz muitos peds inteiros, alguns peds quebrados e pouco material apedal.
1271	Solo com peds bem-formados e distintos, resistentes ​​e evidentes em solo perturbado, o qual produz muitos peds inteiros, alguns peds quebrados e pouco material apedal.
1272	Solo com peds resistentes ​​que são claramente evidentes em solo (seco) não perturbado, o qual esboroa-se, principalmente, em peds inteiros.
1272	Solo com peds resistentes ​​que são claramente evidentes em solo (seco) não perturbado, que esboroa-se, principalmente, em peds inteiros.
1273	Intervalo de tamanho dos elementos estruturais (mm): laminar < 1, prismática/colunar < 10, blocos (sub)angulares < 5, granular < 1, ​​grumos < 1.
1274	Intervalo de tamanho dos elementos estruturais (mm): laminar 1-2, prismática/colunar 10-20, blocos (sub)angulares 5-10, granular 1-2, grumos 1-2.
1275	Intervalo de tamanho dos elementos estruturais (mm): laminar 2-5, prismática/colunar 20-50, blocos (sub)angulares 10-20, granular 2-5, grumos 2-5.
1276	Intervalo de tamanho dos elementos estruturais (mm): 5-10 laminar, prismática/colunar 50-100, blocos (sub)angulares 20-50, granular 5-10.
1277	Intervalo de tamanho dos elementos estruturais (mm): laminar > 10, prismática/colunar > 100, blocos (sub)angulares > 50, granular > 10.
1278	
1279	
1280	
1281	
1282	
1283	
1284	
1285	
1286	
1287	
1288	
1289	
1290	
1291	
1292	
1293	
1294	
1295	
1296	
1298	
1299	
1300	
1301	
1302	Clima tropical. Temperatura do mês mais frio acima de 18°C. Certas plantas tropicais sensíveis não prosperam com temperaturas mensais inferiores a 18°C. Este é o domínio das plantas conhecidas como megatérmicas, as quais necessitam de temperaturas continuamente elevadas e chuvas relativamente abundantes. Dentro do grupo climático A, dois tipos principais são reconhecidos: Af e Aw. O tipo As denota um clima com uma estação seca durante o período de verão ou de sol alto (raro).
1303	Clima tropical. Temperatura do mês mais frio acima de 18°C. Certas plantas tropicais sensíveis não prosperam com temperaturas mensais inferiores a 18°C. Este é o domínio das plantas conhecidas como megatérmicas, as quais necessitam de temperaturas continuamente elevadas e chuvas relativamente abundantes. Dentro do grupo climático A, dois tipos principais são reconhecidos. O tipo w (Aw) representa um clima tropical úmido e seco. Estação seca bem definida no período de inverno ou sol baixo. Um marcado ritmo sazonal de precipitação caracteriza o clima Aw: pelo menos um mês deve ter menos do que 60 mm. A temperatura é semelhante ao do clima Af, ou seja, com mínima variação sazonal, mantendo-se elevada durante todo o ano.
1303	Clima tropical. Temperatura do mês mais frio acima de 18°C. Certas plantas tropicais sensíveis não prosperam com temperaturas mensais inferiores a 18°C. Este é o domínio das plantas conhecidas como megatérmicas, as quais necessitam de temperaturas continuamente elevadas e chuvas relativamente abundantes. Dentro do grupo climático A, dois tipos principais são reconhecidos: Af e Aw.
1303	Clima tropical. Temperatura do mês mais frio acima de 18°C. Certas plantas tropicais sensíveis não prosperam com temperaturas mensais inferiores a 18°C. Este é o domínio das plantas conhecidas como megatérmicas, as quais necessitam de temperaturas continuamente elevadas e chuvas relativamente abundantes. Dentro do grupo climático A, dois tipos principais são reconhecidos. O tipo f (Af) representa um clima tropical úmido. A precipitação do mês mais seco é de pelo menos 60 mm. Neste clima há um mínimo de variação sazonal da temperatura e precipitação, ambas permanecendo altas durante todo o ano.
1304	Clima seco, em que há excesso de evaporação em relação à precipitação. Assim, nenhum excesso de água permanece para manter um nível constante da água subterrânea, fazendo com que cursos de água permanentes não possam surgir em clima B. A quantidade de chuva precipitada não é suficiente para permitir a determinação dos limites do clima B, uma vez que a eficácia da precipitação em fornecer umidade no solo para as plantas é dependente da taxa de evaporação, a qual, por sua vez, varia diretamente com a temperatura. A chuva que precipita durante o verão quente é, obviamente, menos eficaz do que a mesma quantidade precipitada no inverno frio. Assim, as fórmulas de Köppen para a identificação de climas áridos e semi-áridos envolvem, não apenas a temperatura anual e a precipitação total anual, mas também a estação de máxima precipitação. O tipo BS, um clima semi-árido ou de estepe, é uma das duas principais subdivisões do tipo climático B. O sufixo 'h' em BSh denota uma temperatura média anual acima de 18°C.
1305	Clima seco, em que há excesso de evaporação em relação à precipitação. Assim, nenhum excesso de água permanece para manter um nível constante da água subterrânea, fazendo com que cursos de água permanentes não possam surgir em clima B. A quantidade de chuva precipitada não é suficiente para permitir a determinação dos limites do clima B, uma vez que a eficácia da precipitação em fornecer umidade no solo para as plantas é dependente da taxa de evaporação, a qual, por sua vez, varia diretamente com a temperatura. A chuva que precipita durante o verão quente é, obviamente, menos eficaz do que a mesma quantidade precipitada no inverno frio. Assim, as fórmulas de Köppen para a identificação de climas áridos e semi-áridos envolvem, não apenas a temperatura anual e a precipitação total anual, mas também a estação de máxima precipitação. O tipo BS, um clima semi-árido ou de estepe, é uma das duas principais subdivisões do tipo climático B. O sufixo 'k' em BSk denota uma temperatura média anual de menos de 18°C.
1306	Clima seco, em que há excesso de evaporação em relação à precipitação. Assim, nenhum excesso de água permanece para manter um nível constante da água subterrânea, fazendo com que cursos de água permanentes não possam surgir em clima B. A quantidade de chuva precipitada não é suficiente para permitir a determinação dos limites do clima B, uma vez que a eficácia da precipitação em fornecer umidade no solo para as plantas é dependente da taxa de evaporação, a qual, por sua vez, varia diretamente com a temperatura. A chuva que precipita durante o verão quente é, obviamente, menos eficaz do que a mesma quantidade precipitada no inverno frio. Assim, as fórmulas de Köppen para a identificação de climas áridos e semi-áridos envolvem, não apenas a temperatura anual e a precipitação total anual, mas também a estação de máxima precipitação. O tipo BW, um clima árido ou de deserto, é uma das duas principais subdivisões de climas B. O sufixo 'h' em BWh denota uma temperatura média anual acima de 18°C.
1307	
1308	
1309	
1310	
1311	
1312	
1313	
1314	
1315	
1316	
1317	
1318	
1319	
1320	
1321	
1322	
1323	
1324	
1325	
1326	
1327	
1328	
1329	
1330	
1331	
1332	
1333	
1334	
1335	
1336	
1337	
1338	
1339	
1340	
1341	
1342	
1343	
1344	
1345	
1346	
1347	
1348	
1349	
1350	
1351	
1352	
1353	
1354	
1355	
1356	
1357	
1358	
1359	
1360	
1361	
1362	
1363	
1364	
1365	
1366	
1367	
1368	
1369	
1370	
1371	
1372	
1373	
1374	
1375	
1376	
1377	
1378	
1379	
1380	
1381	
1382	
1383	
1384	
1385	
1386	
1387	
1388	
1389	
1390	
1391	
1392	
1393	
1394	
1395	
1396	
1397	
1398	
1399	
1400	
1401	
1402	
1403	
1404	
1405	
1406	
1407	
1408	
1409	
1410	
1411	
1412	
1413	
1414	
1415	
1416	
1417	
1418	
1419	
1420	
1421	
1422	
1423	
1424	
1425	
1426	
1427	
1428	
1429	
1430	
1431	
1432	
1433	
1434	
1435	
1436	
1437	
1438	
1439	
1440	
1441	
1442	
1443	
1444	
1445	
1446	
1447	
1448	
1449	
1450	
1451	
1452	
1453	
1454	
1455	
1456	
1457	
1458	
1459	
1460	
1461	
1462	
1463	
1464	
1465	
1466	
1467	
1468	
1469	
1470	
1471	
1472	
1473	
1474	
1475	
1476	
1477	
1478	
1479	
1480	
1481	
1482	
1483	
1484	
1485	
1486	
1487	
1488	
1489	
1490	
1491	
1492	
1493	
1494	
1495	
1496	
1497	
1498	
1499	
1500	
1501	
1502	
1503	
1504	
1505	
1506	
1507	
1508	
1509	
1510	
1511	
1512	
1513	
1514	
1515	
1516	
1517	
1518	
1519	
1520	
1521	
1522	
1523	
1524	
1525	
1526	
1527	
1528	
1529	
1530	Clima seco, em que há excesso de evaporação em relação à precipitação. Assim, nenhum excesso de água permanece para manter um nível constante da água subterrânea, fazendo com que cursos de água permanentes não possam surgir em clima B. A quantidade de chuva precipitada não é suficiente para permitir a determinação dos limites do clima B, uma vez que a eficácia da precipitação em fornecer umidade no solo para as plantas é dependente da taxa de evaporação, a qual, por sua vez, varia diretamente com a temperatura. A chuva que precipita durante o verão quente é, obviamente, menos eficaz do que a mesma quantidade precipitada no inverno frio. Assim, as fórmulas de Köppen para a identificação de climas áridos e semi-áridos envolvem, não apenas a temperatura anual e a precipitação total anual, mas também a estação de máxima precipitação. O tipo BW, um clima árido ou de deserto, é uma das duas principais subdivisões do clima B. O sufixo 'k' em BWk denota uma temperatura média anual inferior a 18°C.
1531	Clima temperado ameno e chuvoso (mesotérmico). Temperatura média do mês mais frio abaixo de 18°C, mas acima de -3°C. Temperatura média do mês mais quente acima de 10°C. A temperatura média de -3°C para o mês mais frio supostamente coincide aproximadamente com o limite equatorial de solo congelado e uma cobertura de neve com duração de um mês ou mais. Dentro do grupo climático C, três regimes de precipitação contrastantes formam a base para o reconhecimento de três tipos principais de clima. O tipo Cf não tem estação seca bem definida. A diferença de precipitação entre os meses mais chuvosos e os meses mais secos é menor do que para os outros dois tipos, e o mês mais seco do verão recebe mais de 30 mm. O sufixo 'a' no Cfa denota um verão quente, com temperatura média do mês mais quente acima de 22°C.
1532	
1533	
1534	
1535	
1536	
1537	
1538	
1539	Clima temperado ameno e chuvoso (mesotérmico). Temperatura média do mês mais frio abaixo de 18°C, mas acima de -3°C. Temperatura média do mês mais quente acima de 10°C. A temperatura média de -3°C para o mês mais frio supostamente coincide aproximadamente com o limite equatorial de solo congelado e uma cobertura de neve com duração de um mês ou mais. Dentro do grupo climático C, três regimes de precipitação contrastantes formam a base para o reconhecimento de três tipos principais de clima. O tipo Cf não tem estação seca bem definida. A diferença de precipitação entre os meses mais chuvosos e os meses mais secos é menor do que para os outros dois tipos, e o mês mais seco do verão recebe mais de 30 mm. O sufixo 'b' em Cfb denota um verão ameno, com temperatura média do mês mais quente abaixo de 22°C.
1540	Clima temperado ameno e chuvoso (mesotérmico). Temperatura média do mês mais frio abaixo de 18°C, mas acima de -3°C. Temperatura média do mês mais quente acima de 10°C. A temperatura média de -3°C para o mês mais frio supostamente coincide aproximadamente com o limite equatorial de solo congelado e uma cobertura de neve com duração de um mês ou mais. Dentro do grupo climático C, três regimes de precipitação contrastantes formam a base para o reconhecimento de três tipos principais de clima. O tipo Cf não tem estação seca bem definida. A diferença de precipitação entre os meses mais chuvosos e os meses mais secos é menor do que para os outros dois tipos, e o mês mais seco do verão recebe mais de 30 mm. O sufixo 'c' em Cfc denota um verão ameno curto, com menos de 4 meses com temperatura acima de 10°C.
1541	Clima temperado ameno e chuvoso (mesotérmico). Temperatura média do mês mais frio abaixo de 18°C, mas acima de -3°C. Temperatura média do mês mais quente acima de 10°C. A temperatura média de -3°C para o mês mais frio supostamente coincide aproximadamente com o limite equatorial de solo congelado e uma cobertura de neve com duração de um mês ou mais. Dentro do grupo climático C, três regimes de precipitação contrastantes formam a base para o reconhecimento de três tipos principais de clima. O tipo Cs tem um verão seco. Pelo menos três vezes mais chuva no mês mais chuvoso de inverno do que no mês mais seco do verão, e o mês mais seco do verão recebe menos de 30 mm. O sufixo 'a' em Csa denota um verão quente, com temperatura média do mês mais quente acima de 22°C.
1542	Clima temperado ameno e chuvoso (mesotérmico). Temperatura média do mês mais frio abaixo de 18°C, mas acima de -3°C. Temperatura média do mês mais quente acima de 10°C. A temperatura média de -3°C para o mês mais frio supostamente coincide aproximadamente com o limite equatorial de solo congelado e uma cobertura de neve com duração de um mês ou mais. Dentro do grupo climático C, três regimes de precipitação contrastantes formam a base para o reconhecimento de três tipos principais de clima. O tipo Cs tem um verão seco. Pelo menos três vezes mais chuva no mês mais chuvoso de inverno do que no mês mais seco do verão, e o mês mais seco do verão recebe menos de 30 mm. O sufixo 'b' em Csb denota um verão ameno, com temperatura média do mês mais quente abaixo de 22°C.
1543	Clima temperado ameno e chuvoso (mesotérmico). Temperatura média do mês mais frio abaixo de 18°C, mas acima de -3°C. Temperatura média do mês mais quente acima de 10°C. A temperatura média de -3°C para o mês mais frio supostamente coincide aproximadamente com o limite equatorial de solo congelado e uma cobertura de neve com duração de um mês ou mais. Dentro do grupo climático C, três regimes de precipitação contrastantes formam a base para o reconhecimento de três tipos principais de clima. O tipo Cs tem um verão seco. Pelo menos três vezes mais chuva no mês mais chuvoso de inverno do que no mês mais seco do verão, e o mês mais seco do verão recebe menos de 30 mm. O sufixo 'c' em Csc denota um verão ameno curto, com menos de 4 meses com temperatura acima de 10°C.
1544	Clima temperado ameno e chuvoso (mesotérmico). Temperatura média do mês mais frio abaixo de 18°C, mas acima de -3°C. Temperatura média do mês mais quente acima de 10°C. A temperatura média de -3°C para o mês mais frio supostamente coincide aproximadamente com o limite equatorial de solo congelado e uma cobertura de neve com duração de um mês ou mais. Dentro do grupo climático C, três regimes de precipitação contrastantes formam a base para o reconhecimento de três tipos principais de clima. O tipo Cw tem um inverno seco. Pelo menos 10 vezes mais chuva no mês mais chuvoso do verão do que no mês mais seco do inverno. Este tipo de clima ocorre em dois locais característicos: (1) locais elevados em baixas latitudes onde a altitude reduz a temperatura dos tipos climáticos Aw que prevalecem nas planícies adjacentes, e (2) terras de latitude média de monção do sudeste da Ásia, particularmente do Norte Índia e sul da China. O sufixo 'a' em Cwa denota um verão quente, com temperatura média do mês mais quente acima de 22°C.
1545	
1546	
1547	
1548	
1549	
1550	
1551	
1552	Clima temperado ameno e chuvoso (mesotérmico). Temperatura média do mês mais frio abaixo de 18°C, mas acima de -3°C. Temperatura média do mês mais quente acima de 10°C. A temperatura média de -3°C para o mês mais frio supostamente coincide aproximadamente com o limite equatorial de solo congelado e uma cobertura de neve com duração de um mês ou mais. Dentro do grupo climático C, três regimes de precipitação contrastantes formam a base para o reconhecimento de três tipos principais de clima. O tipo Cw tem um inverno seco. Pelo menos 10 vezes mais chuva no mês mais chuvoso do verão do que no mês mais seco do inverno. Este tipo de clima ocorre em dois locais característicos: (1) locais elevados em baixas latitudes onde a altitude reduz a temperatura dos tipos climáticos Aw que prevalecem nas planícies adjacentes, e (2) terras de latitude média de monção do sudeste da Ásia, particularmente do Norte Índia e sul da China. O sufixo 'b' em Cwb denota um verão ameno, com temperatura média do mês mais quente abaixo de 22°C.
1553	
1554	
1555	
1556	
1557	
1558	
1559	
1560	Clima temperado ameno e chuvoso (mesotérmico). Temperatura média do mês mais frio abaixo de 18°C, mas acima de -3°C. Temperatura média do mês mais quente acima de 10°C. A temperatura média de -3°C para o mês mais frio supostamente coincide aproximadamente com o limite equatorial de solo congelado e uma cobertura de neve com duração de um mês ou mais. Dentro do grupo climático C, três regimes de precipitação contrastantes formam a base para o reconhecimento de três tipos principais de clima. O tipo Cw tem um inverno seco. Pelo menos 10 vezes mais chuva no mês mais chuvoso do verão do que no mês mais seco do inverno. Este tipo de clima ocorre em dois locais característicos: (1) locais elevados em baixas latitudes onde a altitude reduz a temperatura dos tipos climáticos Aw que prevalecem nas planícies adjacentes, e (2) terras de latitude média de monção do sudeste da Ásia, particularmente do Norte Índia e sul da China. O sufixo 'c' em Cwc denota um verão ameno curto, com menos de 4 meses com temperaturas acima de 10°C.
1561	Clima temperado frio ou clima continental. Temperatura média do mês mais frio abaixo de -3°C, temperatura média do mês mais quente acima de 10°C. A temperatura média de 10°C durante o mês mais quente coincide aproximadamente com os limites polares das florestas. Os tipos climáticos D são caracterizadas por solo congelado e uma cobertura de neve com duração de vários meses. Duas principais subdivisões do grupo D são reconhecidos: Df e Dw. O tipo Df é um clima frio com invernos úmidos.
1562	Clima temperado frio ou clima continental. Temperatura média do mês mais frio abaixo de -3°C, temperatura média do mês mais quente acima de 10°C. A temperatura média de 10°C durante o mês mais quente coincide aproximadamente com os limites polares das florestas. Os tipos climáticos D são caracterizadas por solo congelado e uma cobertura de neve com duração de vários meses. Duas principais subdivisões do grupo D são reconhecidos: Df e Dw. O tipo Df é um clima frio com invernos úmidos.
1563	Clima temperado frio ou clima continental. Temperatura média do mês mais frio abaixo de -3°C, temperatura média do mês mais quente acima de 10°C. A temperatura média de 10°C durante o mês mais quente coincide aproximadamente com os limites polares das florestas. Os tipos climáticos D são caracterizadas por solo congelado e uma cobertura de neve com duração de vários meses. Duas principais subdivisões do grupo D são reconhecidos: Df e Dw. O tipo Df é um clima frio com invernos úmidos.
1564	Clima temperado frio ou clima continental. Temperatura média do mês mais frio abaixo de -3°C, temperatura média do mês mais quente acima de 10°C. A temperatura média de 10°C durante o mês mais quente coincide aproximadamente com os limites polares das florestas. Os tipos climáticos D são caracterizadas por solo congelado e uma cobertura de neve com duração de vários meses. Duas principais subdivisões do grupo D são reconhecidos: Df e Dw. O tipo Df é um clima frio com invernos úmidos.
1565	Clima temperado frio ou clima continental. Temperatura média do mês mais frio abaixo de -3°C, temperatura média do mês mais quente acima de 10°C. A temperatura média de 10°C durante o mês mais quente coincide aproximadamente com os limites polares das florestas. Os tipos climáticos D são caracterizadas por solo congelado e uma cobertura de neve com duração de vários meses. Duas principais subdivisões do grupo D são reconhecidos: Df e Dw. O tipo DW é um clima frio, com invernos secos. Característico do nordeste da Ásia, onde o anticiclone de inverno é bem desenvolvido.
1566	Clima temperado frio ou clima continental. Temperatura média do mês mais frio abaixo de -3°C, temperatura média do mês mais quente acima de 10°C. A temperatura média de 10°C durante o mês mais quente coincide aproximadamente com os limites polares das florestas. Os tipos climáticos D são caracterizadas por solo congelado e uma cobertura de neve com duração de vários meses. Duas principais subdivisões do grupo D são reconhecidos: Df e Dw. O tipo DW é um clima frio, com invernos secos. Característico do nordeste da Ásia, onde o anticiclone de inverno é bem desenvolvido.
1567	Clima temperado frio ou clima continental. Temperatura média do mês mais frio abaixo de -3°C, temperatura média do mês mais quente acima de 10°C. A temperatura média de 10°C durante o mês mais quente coincide aproximadamente com os limites polares das florestas. Os tipos climáticos D são caracterizadas por solo congelado e uma cobertura de neve com duração de vários meses. Duas principais subdivisões do grupo D são reconhecidos: Df e Dw. O tipo DW é um clima frio, com invernos secos. Característico do nordeste da Ásia, onde o anticiclone de inverno é bem desenvolvido.
1568	Clima temperado frio ou clima continental. Temperatura média do mês mais frio abaixo de -3°C, temperatura média do mês mais quente acima de 10°C. A temperatura média de 10°C durante o mês mais quente coincide aproximadamente com os limites polares das florestas. Os tipos climáticos D são caracterizadas por solo congelado e uma cobertura de neve com duração de vários meses. Duas principais subdivisões do grupo D são reconhecidos: Df e Dw. O tipo DW é um clima frio, com invernos secos. Característico do nordeste da Ásia, onde o anticiclone de inverno é bem desenvolvido.
1569	
1570	
1571	
1572	
1573	
1574	
1575	
1576	
1577	
1578	
1579	
1580	
1581	
1582	
1583	
1584	
1585	
1586	
1587	
1588	
1589	
1590	
1591	
1592	
1593	
1594	
1595	
1596	
1597	
1598	
1599	
1600	
1601	
1602	
1603	
1604	
1605	
1606	
1607	
1608	
1609	
1610	
1611	
1612	
1613	
1614	
1615	
1616	
1617	
1618	
1619	
1620	
1621	
1622	
1623	
1624	
1625	
1626	
1627	
1628	
1629	
1630	
1631	
1632	
1633	
1634	
1635	
1636	
1637	
1638	
1639	
1640	
1641	
1642	
1643	
1644	
1645	
1646	
1647	
1648	
1649	
1650	
1651	
1652	
1653	
1654	
1655	
1656	
1657	
1658	
1659	
1660	
1661	
1662	
1663	
1664	
1665	
1666	
1667	
1668	
1669	
1670	
1671	
1672	
1673	
1674	
1675	
1676	
1677	
1678	
1679	
1680	
1681	
1682	
1683	
1684	
1685	
1686	
1687	
1688	
1689	
1690	
1691	
1692	
1693	
1694	
1695	
1696	
1697	
1698	
1699	
1700	
1701	
1702	
1703	
1704	
1705	
1706	
1707	
1708	
1709	
1710	
1711	
1712	
1713	
1714	
1715	
1716	
1717	
1718	
1719	
1720	
1721	
1722	
1723	
1724	
1725	
1726	
1727	
1728	
1729	
1730	
1731	
1732	
1733	
1734	
1735	
1736	
1737	
1738	
1739	
1740	
1741	
1742	
1743	
1744	
1745	
1746	
1747	
1748	
1749	
1750	
1751	
1752	
1753	
1754	
1755	
1756	
1757	
1758	
1759	
1760	
1761	
1762	
1763	
1764	
1765	
1766	
1767	
1768	
1769	
1770	
1771	
1772	
1773	
1774	
1775	
1776	
1777	
1778	
1779	
1780	
1781	
1782	
1783	
1784	
1785	
1786	
1787	
1788	
1789	
1790	
1791	
1792	
1793	
1794	
1795	
1796	
1797	
1798	
1799	
1800	
1801	
1802	
1803	
1804	
1805	
1806	
1807	Processo de remoção de massa, assistido por água corrente não canalizada, pelo qual a rocha e o solo são transportados encosta abaixo, mais especificamente, erosão laminar.
1808	
1809	
1810	
1811	
1812	
1813	
1814	
1815	
1816	
1817	
1818	
1819	
1820	
1821	
1822	
1823	
1824	
1825	
1826	
1827	
1828	
1829	
1830	
1831	
1832	
1833	
1834	
1835	
1836	
1837	
1838	
1839	
1840	
1841	
1842	
1843	
1844	
1845	
1846	
1847	
1848	
1849	
1850	
1851	
1852	
1853	
1854	
1855	
1856	
1857	
1858	
1859	
1860	
1861	
1862	
1863	
1864	
1865	
1866	
1867	
1868	
1869	
1870	
1871	
1872	
1873	
1874	
1875	
1876	
1877	Profundidade < 30 cm. Completamente suavizado pelo cultivo normal
1878	Profundidade > 30 cm. Não suavizado pelo cultivo normal
1879	
1880	
1881	
1882	
1883	
1884	Nenhum afloramento rochoso observado
1885	Menos de 2% de rocha exposta.
1886	Exposições cerca de 10-35 m à parte, cobertura de 2-10%.
1887	Exposições cerca de 10-35 m à parte, cobertura de 10-25%.
1888	Exposições até 3,5 m à parte, cobertura de 50-90%.
1889	Exposições cerca de 3,5-10 à parte, cobertura de 25-50%.
1890	Cobertura acima de 90%.
1891	Nenhuma pedra observada na superfície.
1892	
1893	Cobertura 0,01-0,1%.
1894	Cobertura 0,1-3%.
1895	Cobertura 3-15%.
1896	Cobertura 15-90%.
1897	
1898	
1899	
1900	
1901	
1902	
1903	
1904	
1905	
1906	
1907	
1908	
1909	
1910	
1911	
1912	
1913	
1914	
1915	
1916	
1917	
1918	
1919	
1920	
1921	
1922	
1923	
1924	
1925	
1926	
1927	
1928	
1929	
1930	
1931	
1932	
1933	
1934	
1935	
1936	
1937	
1938	
1939	
1940	
1941	
1942	
1943	
1944	
1945	
1946	
1947	
1948	
1949	
1950	
1951	
1952	
1953	
1954	
1955	
1956	
1957	
1958	
1959	
1960	
1961	
1962	
1963	
1964	
1965	
1966	
1967	
1968	
1969	
1970	
1971	
1972	
1973	
1974	
1975	
1976	
1977	
1978	
1979	
1980	
1981	
1982	
1983	
1984	
1985	
1986	
1987	
1988	
1989	
1990	
1991	
1992	
1993	
1994	
1995	
1996	
1997	
1998	
1999	
2000	
2001	
2002	
2003	
2004	
2005	
2006	
2007	
2008	
2009	
2010	
2011	
2012	
2013	
2014	
2015	
2016	
2017	
2018	
2019	
2020	
2021	
2022	
2023	
2024	
2025	
2026	
2027	
2028	
2029	
2030	
2031	
2032	
2033	
2034	
2035	
2036	
2037	
2038	
2039	
2040	
2041	
2042	
2043	
2044	
2045	
2046	
2047	
2071	
2072	
2073	
2074	
2075	
2076	
2077	
2078	
2079	
2081	Condição em que não há nenhuma agregação observável ou nenhum arranjo definido e ordenado de linhas naturais de fraqueza. O solo é fracamente coerente.
2082	Condição em que não há nenhuma agregação observável ou nenhum arranjo definido e ordenado de linhas naturais de fraqueza. O solo é moderadamente coerente.
2083	Condição em que não há nenhuma agregação observável ou nenhum arranjo definido e ordenado de linhas naturais de fraqueza. O solo é fortemente coerente.
2083	Condição em que não há nenhuma agregação observável ou nenhum arranjo definido e ordenado de linhas naturais de fraqueza. Massiva se coerente, grão simples se não-coerente.
2084	
2085	
2086	
2087	
2088	
2089	
2090	
2091	
2092	
2093	
2094	
2095	
2096	
2097	De menos de 0,1 mm até mais do que 10 mm de diâmetro.
2098	
2099	
2100	
2101	
2102	
2103	
2104	
2105	
2106	Poros individuais se estendem por todo o horizonte.
2107	De forma aproximadamente esférica ou elipsoidal, sem apreciável elongação em qualquer direção.
2108	Poros individuais estendem-se apenas parcialmente ao longo o horizonte.
2109	Com formato irregular, com faces curvadas para dentro, delimitadas por superfícies angulares ou curvadas ou grãos minerais adjacentes ou peds ou ambos.
2110	Mais ou menos cilíndrica.
2111	
2112	Número de raízes muito finas (diâmetro < 1 mm) e raízes finas (1-2 mm de diâmetro): 1-10 por dm³. Número de raízes médias (2-5 mm de diâmetro) e raízes grossas (> 5 mm de diâmetro): 1 por dm³.
2113	Número de raízes muito finas (diâmetro < 1 mm) e raízes finas (1-2 mm de diâmetro): 10-100 por dm³. Número de raízes médias (2-5 mm de diâmetro): 1-10 por dm³. Raízes grossas (diâmetro > 5 mm): 1-5 por dm³.
2114	Número de raízes muito finas (diâmetro < 1 mm) e raízes finas (1-2 mm de diâmetro): > 100 por dm³. Número de raízes médias (2-5 mm de diâmetro): > 10 por dm³. Raízes grossas (> 5 mm de diâmetro): > 5 por dm³.
2115	
2116	
2117	
2118	
2119	
2120	
2121	
2122	
2123	
2125	Nenhuma agregação observável ou ausência de arranjo ordenado de planos naturais de fraqueza (massiva ou grão simples)
2127	Solo com peds indistintos mal formados, que são mal observáveis ​​no seu lugar mesmo com o solo seco, o qual esboroa-se em poucos peds intactos, muitos peds quebrados e muito material apedal.
2128	Delimitada por planos que se cruzam com ângulos em grande parte agudos.
2129	Esferoidal ou poliédrica, porosa.
2130	Prismas com topos arredondadas
2131	Esferoidal ou poliédrica, relativamente não-porosa
2132	Nenhuma estrutura
2133	Nenhuma estrutura, grãos individuais
2134	Partículas dispostas em torno de um plano geral horizontal
2135	Prismas sem a extremidade superior arredondada
2136	Faces arredondados e planas com vértices na maior parte arredondados
2137	Estrutura em horizontes com slickensides
2138	
2139	
2140	
2141	
2142	
2143	
2144	
2145	
2146	
2147	
2148	
2149	
2150	
2151	
2152	
2153	
2154	
2155	
2156	
2157	
2158	
2159	
2160	
2161	
2162	
2163	
2164	
2165	
2166	
2167	
2168	
2169	
2170	
2171	
2172	
2173	
2174	
2175	
2176	
2177	
2178	
2179	
2180	
2181	
2182	
2183	
2184	
2185	
2186	
2187	
2188	
2189	
2190	
2191	
2192	
2193	
2194	
2195	
2196	
2197	
2198	
2199	
2200	
2201	
2202	
2203	
2204	
2205	
2206	
2207	
2208	
2209	
2210	
2211	
2212	
2213	
2214	
2215	
2216	
2217	
2218	
2219	
2220	
2221	
2222	Gelisols e subordens Gelic e grandes grupos que têm uma temperatura média anual do solo de -10 °C ou inferior.
2223	Gelisols e subordens Gelic e grandes grupos que têm uma temperatura média anual do solo de +1 °C a -4 ° C.
2224	
2225	Clima temperado ameno e chuvoso (mesotérmico). Temperatura média do mês mais frio abaixo de 18°C, mas acima de -3°C. Temperatura média do mês mais quente acima de 10°C. A temperatura média de -3°C para o mês mais frio supostamente coincide aproximadamente com o limite equatorial de solo congelado e uma cobertura de neve com duração de um mês ou mais. Dentro do grupo climático C, três regimes de precipitação contrastantes formam a base para o reconhecimento de três tipos principais de clima. O tipo Cw tem um inverno seco. Pelo menos 10 vezes mais chuva no mês mais chuvoso do verão do que no mês mais seco do inverno. Este tipo de clima ocorre em dois locais característicos: (1) locais elevados em baixas latitudes onde a altitude reduz a temperatura dos tipos climáticos Aw que prevalecem nas planícies adjacentes, e (2) terras de latitude média de monção do sudeste da Ásia, particularmente do Norte Índia e sul da China.
2226	
2227	
2228	Clima temperado ameno e chuvoso (mesotérmico). Temperatura média do mês mais frio abaixo de 18°C, mas acima de -3°C. Temperatura média do mês mais quente acima de 10°C. A temperatura média de -3°C para o mês mais frio supostamente coincide aproximadamente com o limite equatorial de solo congelado e uma cobertura de neve com duração de um mês ou mais. Dentro do grupo climático C, três regimes de precipitação contrastantes formam a base para o reconhecimento de três tipos principais de clima. O tipo Cf não tem estação seca bem definida. A diferença de precipitação entre os meses mais chuvosos e os meses mais secos é menor do que para os outros dois tipos, e o mês mais seco do verão recebe mais de 30 mm.
2229	Clima temperado ameno e chuvoso (mesotérmico). Temperatura média do mês mais frio abaixo de 18°C, mas acima de -3°C. Temperatura média do mês mais quente acima de 10°C. A temperatura média de -3°C para o mês mais frio supostamente coincide aproximadamente com o limite equatorial de solo congelado e uma cobertura de neve com duração de um mês ou mais. Dentro do grupo climático C, três regimes de precipitação contrastantes formam a base para o reconhecimento de três tipos principais de clima. O tipo Cs tem um verão seco. Pelo menos três vezes mais chuva no mês mais chuvoso de inverno do que no mês mais seco do verão, e o mês mais seco do verão recebe menos de 30 mm.
2230	Clima temperado frio ou clima continental. Temperatura média do mês mais frio abaixo de -3°C, temperatura média do mês mais quente acima de 10°C. A temperatura média de 10°C durante o mês mais quente coincide aproximadamente com os limites polares das florestas. Os tipos climáticos D são caracterizadas por solo congelado e uma cobertura de neve com duração de vários meses. Duas principais subdivisões do grupo D são reconhecidos: Df e Dw. O tipo Df é um clima frio com invernos úmidos.
2231	Clima temperado frio ou clima continental. Temperatura média do mês mais frio abaixo de -3°C, temperatura média do mês mais quente acima de 10°C. A temperatura média de 10°C durante o mês mais quente coincide aproximadamente com os limites polares das florestas. Os tipos climáticos D são caracterizadas por solo congelado e uma cobertura de neve com duração de vários meses. O tipo DS tem um verão seco, pelo menos três vezes mais chuva no mês mais chuvoso de inverno do que no mês mais seco do verão, e o mês mais seco do verão recebe menos do que 30 mm.
2232	Os agregados mal são observáveis ​​in situ e há apenas um arranjo pobre das superfícies naturais de fraqueza. Quando suavemente perturbado, o material do solo esboroa-se em uma mistura de alguns agregados inteiros, muitos agregados quebrados, e muito material sem faces de agregado. As superfícies dos agregados diferem, de alguma forma, do interior dos agregados.
2233	Os agregados são observáveis in situ e há um arranjo distinto das superfícies naturais de fraqueza. Quando perturbado, o material do solo esboroa-se numa mistura de muitos agregados inteiros, alguns agregados quebrados, e pouco material sem faces de agregado. As superfícies dos agregados geralmente mostram diferenças marcantes do interior dos agregados.
2234	Os agregados são claramente observáveis ​​in situ e há um arranjo proeminente das superfícies naturais de fraqueza. Quando perturbado, o material do solo separa-se principalmente em agregados inteiros. As superfícies dos agregados geralmente diferem marcadamente do interior dos agregados.
2235	Fraco: os agregados mal são observáveis ​​in situ e há apenas um arranjo pobre das superfícies naturais de fraqueza. Quando suavemente perturbado, o material do solo esboroa-se em uma mistura de alguns agregados inteiros, muitos agregados quebrados, e muito material sem faces de agregado. As superfícies dos agregados diferem, de alguma forma, do interior dos agregados. Moderado: os agregados são observáveis in situ e há um arranjo distinto das superfícies naturais de fraqueza. Quando perturbado, o material do solo esboroa-se numa mistura de muitos agregados inteiros, alguns agregados quebrados, e pouco material sem faces de agregado. As superfícies dos agregados geralmente mostram diferenças marcantes do interior dos agregados.
2236	Moderado: os agregados são observáveis in situ e há um arranjo distinto das superfícies naturais de fraqueza. Quando perturbado, o material do solo esboroa-se numa mistura de muitos agregados inteiros, alguns agregados quebrados, e pouco material sem faces de agregado. As superfícies dos agregados geralmente mostram diferenças marcantes do interior dos agregados. Forte: os agregados são claramente observáveis ​​in situ e há um arranjo proeminente das superfícies naturais de fraqueza. Quando perturbado, o material do solo separa-se, principalmente, em agregados inteiros. A superfície dos agregados geralmente difere marcadamente do interior dos agregados.
2237	
2238	
2239	
2240	
2241	
2242	Blocos ou poliedros, quase equidimensionais, com superfícies planas ou levemente arredondadas que são moldes das faces dos agregados vizinhos. A subdivisão recomendada é em angular, com faces que se cruzam em ângulos relativamente nítidos e faces de blocos subangulares que se cruzam em ângulos arredondados.
2243	Criada, principalmente, por perturbação artificial, por exemplo, o revolvimento.
2244	Esferóides ou poliedros, com superfícies curvas ou irregulares que não são moldes das faces de agregados adjacentes.
2245	Plana com dimensões verticais limitadas, geralmente orientadas em um plano horizontal e normalmente sobreposto.
2246	As dimensões são limitadas na horizontal e estendidas ao longo do plano vertical. Faces verticais bem definidas. Tem superfícies planas ou ligeiramente arredondadas que são moldes das faces dos agregados circundantes. As faces normalmente intersectam-se em ângulos relativamente agudos. Estruturas prismáticas com topos arredondados são distinguidas como Colunar.
2247	A estrutura da rocha inclui a estratificação fina em sedimentos não consolidados, e pseudomorfos de minerais intemperizados retendo suas posições relativas entre si e aos minerais não intemperizados em saprolito de rochas consolidadas.
2249	
2250	
2251	
2252	
2253	
2254	
2255	
2256	
2257	
2258	
2259	
2260	
2261	
2262	
2263	
2264	
2265	
2266	
2267	
2268	
2269	
2270	
2271	
2272	
